Date,Term_Premium,Risk_Premium,Stock_Prices_mom%_change,Stock_Prices_mom24mma%_change,Stock_Market_Volatility,Current_Account_Balance_change_yryr%,Current_Account_Balance_over_GDP,One-Day_Repo_Rate_AVG,One-Day_Repo_Rate_EOP,Policy_Rate_&_Fed_Funds_Rate_Differential_AVG,Policy_Rate_&_Fed_Funds_Rate_Differential_EOP,Broad_Money_mo12m%_change,Velocity_of_Money_mo12m%_change,Portfolio_Flows,Foreign_Exchange_Reserve_change_yryr%,Foreign_Exchange_Reserve_over_GDP,CPI yryrl,Bank Lending yryr%,Bank_Lending_mo12m%_change
1995-01,,,,,,70.6785793398804,,,,,,,,,,,,,
1995-02,,,,,,59.8504582730342,,,,,,,,,,,,,
1995-03,,,,,,56.6882148184983,,,,,,,,,,,,,
1995-04,,,,,,77.6673866090713,,,,,,,,,,,,,
1995-05,,,,,,-43.0259146341463,,,,,,,,,,,,,
1995-06,,,,,,-14.3747708104144,,,,,,,,,,,,,
1995-07,,,,,,-26.6751918158568,,,,,,,,,,,,,
1995-08,,,,,,-45.4649542965097,,,,,,,,,,,,,
1995-09,,,,,,-71.2921457805496,,,,,,,,,,,,,
1995-10,,,,,,-117.617052286391,,,,,,,,,,,,,
1995-11,,,,,,-262.044173472909,,,,,,,,,,,,,
1995-12,,,,,,725.438596491228,,,,,,,,,,,,,
1996-01,,,,,,24.8712956954359,,,,,,,,,,,,,
1996-02,,,,,,-69.8041464224281,,,,,,,,,,,,,
1996-03,,,,,,-117.454776261504,,,,,,,,,,,,,
1996-04,,,,,,-165.299051787017,,,,,,,,,,,,,
1996-05,,,,,,54.2697881828316,,,,,,,,,,,,,
1996-06,,,,,,-104.839400428266,,,,,,,,,,,,,
1996-07,,,,,,-127.545422836668,,,,,,,,,,,,,
1996-08,,,,,,-151.833578276996,,,,,,,,,,,,,
1996-09,,,,,,-225.797691785472,,,,,,,,,,,,,
1996-10,,,,,,183.690353080219,,,,,,,,,,,,,
1996-11,,,,,,-41.866325914883,,,,,,,,,,,,,
1996-12,,,,,,-73.9638682252922,,,,,,,,,,,,,
1997-01,,,,,,-102.570676274945,,,,,,,,,,,,,
1997-02,,,,,,-221.217269638217,,,,,,,,,,,,,
1997-03,,,,,,265.454545454545,,,,,,,,,,,,,
1997-04,,,,,,122.423903937448,,,,,,,,,,,5.226074662967687,19.56033528,-14.334260617032314
1997-05,,,,,,237.895649660356,,,,,,,,,,,4.758984045001538,19.65907318,-14.900089134998462
1997-06,,,,,,-1887.61061946903,,,,,,,,,,,4.647031014959566,18.1353143,-13.488283285040437
1997-07,,,,,,-278.128237596408,,,,,,,,,,,3.5506415702221448,17.38175249,-13.831110919777856
1997-08,,,,,,-146.027138324445,,,,,,,,,,,3.714554735072518,13.96795333,-10.253398594927482
1997-09,,,,,,-53.804641122504,,,,,,,,,,,3.617687971577877,11.38516106,-7.767473088422123
1997-10,,,,,,60.558246107379,,,,,,,,,,,3.87973897184044,11.72562347,-7.8458844981595615
1997-11,,,,,,235.333984613506,,,,,,,,,,,3.853893117737476,11.92542407,-8.071530952262524
1997-12,,,,,,625.816326530612,,,,,,,,,,,3.908331381057772,11.08578939,-7.177458008942228
1998-01,,,,,,-10226.0107816712,,,,,,,,,,,3.686848980532973,10.99394273,-7.307093749467027
1998-02,,,,,,-701.780855800148,,,,,,,,,,,3.714843352195029,11.42482879,-7.709985437804971
1998-03,,,,,,-468.009950248756,,,,,,,,,,,3.3365493125300136,10.71003703,-7.373487717469986
1998-04,,,,,,-450.508474576271,,,,,,,,,,,3.52715741162108,10.75292997,-7.22577255837892
1998-05,,,,,,-502.549296377091,,,,,,,,,,,3.793420210656305,10.74527804,-6.951857829343696
1998-06,,,,,,-566.534653465347,,,,,,,,,,,4.003109038201645,13.26705609,-9.263947051798356
1998-07,,,,,,-598.003101977511,,,,,,,,,,,4.180244012634386,13.22777546,-9.047531447365614
1998-08,,,,,,-847.21325902024,,,,,,,,,,,4.255961444796255,16.94120932,-12.685247875203745
1998-09,,,,,,255.257009345794,,,,,,,,,,,4.586341675283643,19.16778164,-14.581439964716358
1998-10,,,,,,-15.8050077841204,,,,,,,,,,,4.308358610498651,18.73314662,-14.424788009501349
1998-11,,,,,,-38.9632381056427,,,,,,,,,,,3.694351518961177,18.20756044,-14.513208921038824
1998-12,,,,,,-36.0185575706453,,,,,,,,,,,3.5122135060613258,18.86712899,-15.354915483938676
1999-01,,,,,,-25.1986424436015,,,,,,,,,,,3.7641205233312616,18.48287153,-14.71875100666874
1999-02,,,,,,-14.9212220852171,,,,,,,,,,,3.6685336415634975,18.37790096,-14.709367318436504
1999-03,,,,,,-16.9392997161011,,,,,,,,,,,3.7477152784921977,19.04063362,-15.292918341507804
1999-04,,,,,,-36.2155837333142,,,,,,,,,,,3.207904018007252,19.22796708,-16.020063061992747
1999-05,,,,,,-54.4702057123427,,,,,,,,,,,2.758795654603989,18.74838102,-15.98958536539601
1999-06,,,,,,-62.839558573854,,,,,,,,,,,2.8364600340000767,18.41977027,-15.583310235999924
1999-07,,,,,,-55.3898859345194,,,,,,,,,,,2.834023931852803,18.61854079,-15.784516858147198
1999-08,,,,,,-26.9800765531455,,,,,,,,,,,2.824321228098988,18.2335988,-15.409277571901011
1999-09,,,,,,24.3012167050312,,,,,,,,,,,2.3851215788509927,17.89234949,-15.507227911149007
1999-10,,,,,,25.994838013791,,,,,,,,,,,2.296995923569563,17.16815421,-14.871158286430438
1999-11,,,,,,-21.7021657419008,,,,,,,,,,,2.977676392306436,16.4645192,-13.486842807693566
1999-12,,,,,,-44.2979564930785,,,,,,,,,,,3.1425091193818715,15.65803893,-12.515529810618128
2000-01,,,,,,-39.6658481904559,,,,,,,,,,,2.879115039068932,15.01392262,-12.134807580931067
2000-02,,,,,,-27.8233143850948,,,,,,,,,,,2.9575455209679014,14.24300585,-11.285460329032098
2000-03,,,,,,-21.5494791666667,,,,,,,,-60.0,,,2.9500664435070023,13.01929084,-10.069224396493
2000-04,,,,,,-28.4789038223953,,,,,,,,-60.0,,,2.859740714254429,12.400577,-9.540836285745572
2000-05,,,,,,-50.7689794394268,,,,,,,,-60.0,,,2.767472216614604,11.42950631,-8.662034093385397
2000-06,,,,,,-85.8081096516276,,,,,,,,49.0,,,2.5105921117853285,11.09233241,-8.58174029821467
2000-07,,,,,,-105.974925095267,,,,,,,,49.0,,,2.7559155444898344,8.1707169,-5.414801355510166
2000-08,,,,,,-101.881720430108,,,,,,,,49.0,,,2.582400900293331,7.70073993,-5.11833902970667
2000-09,,,,,,-81.0846560846561,,,,,,,,287.0,,,2.4938948393557507,7.67842517,-5.1845303306442485
2000-10,,,,,,-44.6418197939279,,,,,,,,287.0,,,2.491823279475546,7.39745396,-4.905630680524454
2000-11,,,,,,3.06701718291613,,,,,,,,287.0,,,2.319905202777629,7.37537086,-5.055465657222372
2000-12,,,,,,6.90335305719921,,,,,,,,-6.0,,,2.2324201141272444,6.53062532,-4.2982052058727565
2001-01,,,4.401039483611367,,,-57.3122179952225,,,,,,,,-6.0,,,2.5547330921885023,6.22824143,-3.6735083378114974
2001-02,,,-12.270488731866608,,-25.79189951350225,-108.239441333304,,,,,,,,-6.0,,,2.3046287506474363,6.21652907,-3.911900319352564
2001-03,,,-8.82160018305239,,-39.432084406326894,-134.107883817427,,,,,,,,7.0,,,2.1364822512005675,6.44291387,-4.306431618799433
2001-04,,,4.600816435789333,,-31.84767806245388,-152.454983249581,,,,,,,,7.0,,,2.29518271803094,6.24170046,-3.94651774196906
2001-05,,,2.722241770896641,,-15.755925826328063,-181.270443232994,,,,,,,,7.0,,,2.127739840412694,6.39749066,-4.269750819587306
2001-06,,,-7.621761335326364,,-21.45191915996901,-391.146881287726,,,,,,,,-27.0,,,2.206873381463569,6.47999118,-4.273117798536431
2001-07,,,-8.056768190935285,,-20.9368072299788,710.662122687439,,,,,,,,-27.0,,,2.1996813601924234,9.27539354,-7.075712179807576
2001-08,,,13.765605235659686,,-28.25210933150571,2641.28571428571,,,,,,,,-27.0,,,2.1156199920934977,10.44194456,-8.326324567906502
2001-09,,,-8.4114860291985,,-35.80153706790172,-307.972027972028,,,,,,,,1330.0,,,2.112182500741755,10.5329259,-8.420743399258246
2001-10,,,-2.809739962701015,,-37.56603204238149,-102.264442726168,,,,,,,,1330.0,,,2.270981624583796,9.94127828,-7.670296655416204
2001-11,,,-9.670353541753402,,-20.6317898405194,-41.264971166642,-0.0199776446100731,,,,,,,1330.0,,,2.187207480592801,9.776273,-7.589065519407199
2001-12,,,-1.7916190705224548,,-25.40066911428455,-22.9520295202952,-0.5504942132831855,,,,,,,-66.0,,,2.4233819165639723,10.74077257,-8.317390653436028
2002-01,,,-8.576675849403127,,-10.801150055885175,-53.2366148531952,-0.665183391895354,,,,,,,-66.0,,,2.411692447473798,11.23434735,-8.822654902526203
2002-02,,,9.57769742422214,,-23.81896102260796,368.616301110208,-0.1561989626526109,,,,,,,-66.0,,,2.570422639507828,10.64781637,-8.077393730492172
2002-03,,,-0.4481290611696145,,-15.38810136265748,118.491484184915,0.7468119889007324,,,,,,,-97.0,,,2.72671263181876,10.61696962,-7.890256988181241
2002-04,,,-2.9955189982198847,,-12.02794346295445,116.64504540465,1.5652651469706154,,,,,,,-97.0,,,2.402037019827343,10.58817115,-8.186134130172658
2002-05,,,0.7023982788078299,,-10.216111047372426,134.151889874008,1.9506599486381864,,,,,,,-97.0,,,2.715821867910285,10.76277813,-8.046956262089715
2002-06,,,-1.120606593774878,,-7.3173714107587315,117.760884588804,1.8835211921331367,,,,,,,-168.0,,,2.7114898826313065,10.19961072,-7.488120837368694
2002-07,,,-1.0994132226152895,,-8.692388797334605,36.6764758873341,1.52183674098215,,,,,,,-168.0,,,2.545881332506964,9.10834802,-6.562466687493036
2002-08,,,1.8570082248115185,,-10.63952019208226,-21.2673927771119,1.074763896314311,,,,,,,-168.0,,,2.6223195090161253,7.65962951,-5.037310000983875
2002-09,,,1.78530123015456,,-2.596916612510656,-33.422999327505,0.6996556204704211,,,,,,,-288.0,,,2.930902862352672,7.16111816,-4.230215297647328
2002-10,,,0.3677382034542543,,-3.7260842839944175,1860.0,0.4624205059917716,,,,,,,-288.0,,,2.768069183170216,6.20799315,-3.439923966829784
2002-11,,,1.5870075336544356,,-4.155763018194466,-161.180691044119,0.38448813449471,,,,,,,-288.0,,,3.0771658666753687,5.92264636,-2.845480493324631
2002-12,,,-0.1377829108666038,0.902243939350022,-12.82660256667703,-171.98275862069,0.468574745899788,,,,,,,-119.0,,,2.9101542471509987,3.7679405,-0.8577862528490012
2003-01,,,16.652125393121626,1.070690124768276,-8.218077405761244,-460.65888609839,0.7228784526577007,,,,,,-0.0749072356215212,-119.0,,,2.8964842872888314,6.22527932,-3.328795032711169
2003-02,,,-3.979684129965908,1.0420133435366898,-53.56637618271232,116.601178781925,1.252598711198515,,,,,,-0.0782698249227601,-119.0,,,3.045920753170851,6.88912479,-3.843204036829149
2003-03,,,2.0813709151510777,1.072432096396395,-28.926911635419582,45.2115812917595,1.9910346592918469,,,,,,-0.0813294010889292,-72.0,,,3.498219118109568,7.32822682,-3.830007701890432
2003-04,,,13.919400919205732,1.225029358984247,-38.487746424420656,64.18010133579,2.9875323084287277,,,,,,-0.0831834532374099,-72.0,,,3.87946243134,7.83278528,-3.953322848660001
2003-05,,,15.563032540461386,1.413798196258165,-40.96288443360408,130.52337892036,4.133321873620567,,,,,,-0.0850407578761842,-72.0,,,3.8644684973207353,7.30301234,-3.438543842679265
2003-06,,,4.5816034938264965,1.466966453591062,-36.916292981117664,272.008886067915,5.442854573668407,,,,,,-0.0971793507184674,73.0,,,3.934174919350879,6.99814731,-3.063972390649121
2003-07,,,-4.817817417866395,1.3764915300045666,-36.87886033065578,523.231391159153,6.71024087448393,,,,,,-0.0926339285714285,73.0,,,4.305046010933759,7.37253455,-3.0674885390662414
2003-08,,,12.644720984712048,1.527647019214877,-36.24231876807024,948.01429706116,7.664636845041624,,,,,,-0.1156215621562156,73.0,,,4.74969492797841,7.27348499,-2.5237900620215896
2003-09,,,16.794691478235787,1.7558238387148513,-45.51322741347809,1454.44444444444,7.982608539945176,,,,,,-0.1156898988800695,4.0,,,4.963389926770242,7.28328965,-2.3198997232297582
2003-10,,,10.302805739105375,1.879655322858941,-70.35481880548929,1435.91338974614,7.43449277363624,,,,,,-0.0800270513976553,4.0,,,5.563900115578627,8.27636673,-2.7124666144213725
2003-11,,,3.083009853687664,1.866764299997184,-50.9946499308692,726.201008126736,6.056968481795501,,,,,,-0.0855263157894737,4.0,,,5.8486136414994485,8.14587835,-2.297264708500552
2003-12,,,4.597545079296108,1.8727206549198332,-23.573079363275426,215.635395874917,4.31163001186093,,,,,,-0.0876066009524864,-23.0,,,6.20180559007811,9.08023542,-2.878429829921889
2004-01,,,17.459822935327256,2.1050963584699227,-72.56196597821672,54.7372301642567,2.8960586065243668,,,,,,-0.0574863387978142,-23.0,,,7.63943718130944,5.92389827,1.7155389113094408
2004-02,,,-1.7417443967994417,1.9536367370780972,-93.41407173322136,20.3094571161798,2.2825624805488265,,,,,,-0.0509339704604691,-23.0,,,9.35809305142286,4.97402379,4.3840692614228605
2004-03,,,4.488534964982539,1.9414649551373744,-36.6881812996394,6.2883435582822,2.3765954656443804,,,,,,-0.0451640853460414,19.0,,,10.339518903802547,4.15210908,6.187409823802548
2004-04,,,10.173091827654504,2.0322337784538576,-47.304709838119805,-13.8622750291077,2.73802855032594,,,,,,-0.0429263044647661,19.0,,,11.524478315064083,3.84470636,7.6797719550640835
2004-05,,,-8.013079388238971,1.7660274012574106,-70.10378813310176,-26.6017570970077,3.0938153019562566,,,,,,-0.0444210526315788,19.0,,,11.222352859623106,4.17914229,7.043210569623106
2004-06,,,2.028012632592646,1.7181543647169766,-47.78459996782107,-27.4611840982768,3.556086309090464,,,,,,-0.0170537769407824,-225.0,,,11.072775716325028,4.03131487,7.041460846325028
2004-07,,,9.46795663700846,1.794452916534924,-48.88433322411256,-18.3685268093207,4.368968802213726,,,,,,0.011172553887823,-225.0,,,11.317473256403062,3.85303151,7.464441746403062
2004-08,,,11.105827754108343,1.89404484682162,-65.88065781983997,-8.46185910796165,5.456551220097737,,,,,,0.0123621784163046,-225.0,,,10.56175520411447,3.67172516,6.890030044114472
2004-09,,,19.250763217210185,2.135845479503856,-136.52463284027678,-3.69744622782508,6.287888300071884,,,,,,0.1381017200841479,39.0,,,11.256851806022157,3.39581144,7.861040366022157
2004-10,,,9.869318263382794,2.196443945587776,-122.40406684703176,-8.00398619415682,6.1724984849478135,,,,,,0.0799756542909311,39.0,,,11.862798711766844,3.33913763,8.523661081766845
2004-11,,,2.869698527041971,2.107416263673513,-112.91462728086294,-20.7906368673349,4.941263406799544,,,,,,0.0776255707762557,39.0,,,11.038565186516095,4.06101494,6.977550246516096
2004-12,,,8.723300662588116,2.1424361267752023,-71.40387896640199,-26.2858347386172,3.26607092227878,,,,,,0.0759056244041945,83.0,,,10.752844783375757,3.90817285,6.844671933375757
2005-01,,,36.6045039116196,2.729751496971041,-156.3908210249435,28.6186997035155,2.26854132409357,,,,,12.761698347852011,0.0873440285204991,83.0,,,8.979499911621467,2.37340581,6.606094101621467
2005-02,,,11.469816048506411,2.778606291274554,-358.6747377901102,81.9193755820657,2.483657963733126,,,,,13.132878874637704,0.0838041431261771,83.0,,0.6587393824747044,6.512272545699199,1.73337159,4.778900955699199
2005-03,,,0.1915429565128501,2.532154384997331,-360.6748573808523,79.4733044733045,3.3716052052178065,,,,,14.013594596036722,0.0754804892253933,461.0,,0.6799696968389685,5.379665835564168,1.79215502,3.587510815564168
2005-04,,,6.866793947685452,2.481845348136743,-224.2546751081013,33.6503542056836,3.833275550133757,,,,,14.4727477930923,0.0712227728477584,461.0,,0.700900951609742,4.5011605829348005,3.42191543,1.0792451529348006
2005-05,,,2.4474129839235577,2.337893487297104,-192.5135472168785,-35.2389505609375,3.265032825928444,,,,,13.36394134291588,0.0815118397085609,461.0,,0.7181133082753656,4.957081176574501,3.91288049,1.0442006865745013
2005-06,,,12.5734961555857,2.4356249735972826,-189.291986207046,-90.1328942726097,1.943178387519912,,,,,13.488979482752406,0.0798779798892779,249.0,,0.7311212200545468,4.581431213929159,4.04997991,0.5314513039291588
2005-07,,,0.2456167963783033,2.2499604904758805,-254.6638454398807,-102.935689485412,0.7088928532845653,,,,,14.59459384297867,0.1017033445231877,249.0,,0.7392939423402138,4.206282437238638,4.19186139,0.0144210472386383
2005-08,,,-0.5177129729863816,2.073575472569823,-89.462549293153,-97.3132969034608,0.1233322828822156,,,,,14.64149551036151,0.1014474975466144,249.0,,0.7379790050381659,4.599578734215829,4.41301082,0.1865679142158285
2005-09,,,13.733267434471466,2.2010296935266886,-180.37501194269285,-85.9919028340081,0.2643576865990473,,,,,14.220735055895815,-0.0127061698228466,2579.0,,0.7363218817719055,3.692962908491008,4.28491613,-0.5919532215089927
2005-10,,,2.652836155551254,2.100924982179542,-243.97261938555428,-66.3460945687689,0.789782041779837,9.0,9.0,4.98,4.98,12.698150226057356,-0.0572641725958227,2579.0,,0.734435275261598,2.967530030974979,4.25360111,-1.286071079025021
2005-11,,,-1.271239952544158,1.9369785209103452,-204.0399860686161,-10.8650203561941,1.4653865926828131,9.0,9.0,4.97,4.97,11.68091494025141,-0.0490229688035653,2579.0,,0.7449331847468758,3.2728530622081564,3.5701068,-0.2972537377918436
2005-12,,,13.946240046121131,2.073099763029907,-192.39573202484425,117.929653989134,2.19623810785193,8.774193548387096,8.75,4.684193548387096,4.66,11.4893543447633,-0.0472297910990009,239.0,53.83848825362356,0.7686974406846976,3.084923141548605,4.37149276,-1.2865696184513946
2006-01,,,25.38444511202112,2.4279374507267564,-509.3116292436619,98.8474283244489,2.966886079687597,8.588709677419354,8.25,4.118709677419354,3.78,12.595978310270027,-0.0564027808925768,239.0,40.4690782115285,0.7886997641413641,3.34928014820352,3.45918258,-0.1099024317964798
2006-02,,,-10.575156459050785,2.003210599332669,-678.8736248439211,28.4464054996221,3.583209392999674,8.25,8.25,3.73,3.73,12.699284173551138,-0.0572569906790947,239.0,36.54256764625956,0.8042624061859408,3.905723825352645,5.16959481,-1.2638709846473557
2006-03,,,-4.568106312292368,1.790367687397756,-450.96752760201167,-8.35175879396985,3.730377917904477,8.25,8.25,3.25,3.25,11.571823727334474,-0.0478039041703639,30.0,32.75022911351644,0.8028446286094447,3.612940150763099,5.54772247,-1.9347823192369007
2006-04,,,-1.9785419077044872,1.6567983149902596,-297.1793618987588,-43.6516059852805,3.049660447773767,8.066666666666666,8.0,3.206666666666666,3.14,12.7347178665135,-0.0635657241528166,30.0,31.75746543056577,0.8054556312947305,4.325104199431495,4.39467229,-0.0695680905685049
2006-05,,,-19.14675196835557,1.2720825093704724,-370.5879982678963,-99.0065246550117,1.7127529503031151,8.0,8.0,2.95,2.95,12.461407246559723,-0.0549757934373318,30.0,29.41058006124613,0.8015844568269689,5.195657436874191,4.13734826,1.0583091768741903
2006-06,,,-11.014865099178346,1.089424791966691,-533.3205894893423,-254.588796185936,0.4223048055943795,8.0,8.0,2.95,2.95,13.445550506519403,-0.0633862433862433,-84.0,19.790480790239307,0.7786745814467517,7.002034345679712,5.14154999,1.860484355679712
2006-07,,,18.891715101052213,1.2554517518783392,-321.269402890278,-939.30567814063,0.1718342274390398,8.0,8.0,2.6900000000000004,2.6900000000000004,11.94712483133852,-0.0568714821763602,-84.0,14.30378918435462,0.7438258322838114,8.045493039038409,4.44316271,3.6023303290384083
2006-08,,,9.839032574139482,1.328787554420098,-341.30835274121074,2312.68618387262,1.1665359440256553,8.0,8.0,2.6900000000000004,2.6900000000000004,12.069606607741198,-0.0563722653084847,-84.0,22.36141476362976,0.7237481768894728,8.502106429738884,5.60708986,2.895016569738884
2006-09,,,3.404275801211348,1.321431549307326,-209.72780947650512,541.955684007707,2.6904952321942446,8.0,8.0,2.66,2.66,13.0259464425871,0.0262036108324973,38.0,19.623933370803726,0.7200482582887466,9.125652027155237,6.27995469,2.8456973371552365
2006-10,,,2.5541006651740155,1.306569742272219,-147.61170151573148,199.882239028603,3.542866037981147,8.0,8.0,2.6900000000000004,2.6900000000000004,13.958981026863936,0.0800694100148733,38.0,21.473323120301725,0.7297334895453478,11.171130662640238,7.57376451,3.5973661526402374
2006-11,,,-0.738326721678062,1.2524260631773865,-120.28346190295252,18.940128736443,3.237464860627844,8.433333333333334,8.5,3.123333333333334,3.1900000000000004,13.185767772068276,0.0876211782252052,38.0,24.24930238201157,0.738022500811506,11.46670749781259,8.87285118,2.593856317812591
2006-12,,,6.289991677768057,1.288181686423418,-130.7882640811102,-47.5921795040021,2.2817191391556806,8.620967741935484,8.75,3.450967741935484,3.58,15.00211257635944,0.0693213548622071,19.0,17.9177422629579,0.7510713109428094,11.6671306803693,8.71152497,2.9556057103693014
2007-01,,,-4.267639504919393,1.1927620190251491,-207.8834403758065,-36.6354772600244,1.750000782308574,8.75,8.75,3.42,3.42,12.719250537913,0.0910203082945928,19.0,24.559274058465675,0.7751294349608564,11.727624059078911,9.54290737,2.184716689078911
2007-02,,,7.328698689747011,1.2506811376739229,-232.92813624146387,-4.58531030556082,2.1021140546292405,8.75,8.75,3.34,3.34,13.031027504352824,0.0880115900036219,19.0,23.863205580196368,0.7941116463750829,11.880473576525016,8.55533032,3.325143256525017
2007-03,,,0.3745956070151434,1.2263367667280478,-212.95352686397172,22.1515517052308,2.8401944999273407,8.75,8.75,3.45,3.45,14.037059622394338,0.0780820279803898,172.0,21.611989868505145,0.8101995326509542,12.05170725468376,8.68522256,3.366484694683761
2007-04,,,3.2855017450187014,1.2378339570763004,-97.82497705607992,45.4999567511461,2.8924840254798307,8.75,8.75,3.46,3.46,13.408228139240151,0.0923022515619473,172.0,20.950851621580814,0.8140235774205283,11.049431512936485,9.35325599,1.6961755229364854
2007-05,,,4.596543707148047,1.266234210703584,-131.29785351326996,-661.327231121281,1.820893914597144,8.75,8.75,3.47,3.47,17.89737010995352,0.0439128481581311,172.0,25.51171731966313,0.8200159602422131,9.559195828285835,11.1602141,-1.601018271714164
2007-06,,,0.4346410318123195,1.242376758943487,-137.52204763138576,344.872783346184,0.0971057149107939,8.75,8.75,3.4400000000000004,3.4400000000000004,18.281188513292275,0.0427010923535254,-1165.0,33.64324044119764,0.8248824812206048,8.12020353933828,9.16704985,-1.046846310661719
2007-07,,,5.649460491580598,1.2871639126759251,-262.3476346607055,-323.436623667975,-1.1929829756581694,8.75,8.75,3.47,3.47,18.516291290220465,0.0762241292276629,-1165.0,37.68607580442003,0.8239338450274846,7.734059872466224,10.94654087,-3.212480997533776
2007-08,,,-6.007581041331835,1.1836280195118374,-273.1071580935304,-141.229377328366,-1.5126517213991997,8.75,8.75,3.79,3.79,17.826806708145458,0.0806855141356016,-1165.0,25.97271612774208,0.8035805866119063,8.143251068053816,10.53948057,-2.396229501946184
2007-09,,,12.115803777792395,1.3027122469621526,-326.3125250085585,-109.859683349591,-1.055039474997901,8.75,8.75,4.17,4.17,16.9635792184872,-0.0095616540419718,-1430.0,23.894137948709183,0.7762705329628491,8.424004038132757,10.54172323,-2.117719191867243
2007-10,,,8.092248688393648,1.380436771208108,-332.52116071695,-108.454194809501,-0.5370147854522129,8.75,8.75,4.15,4.15,17.021407271630117,-0.0098183603338241,-1430.0,27.53108869075551,0.7576223646461934,6.753714576555699,9.94373882,-3.1900242434443014
2007-11,,,3.522787050387288,1.3968230401489687,-270.69635295678654,-125.411817036103,-0.3338517303817149,8.75,8.75,4.09,4.09,19.840195327795367,-0.0330489123903377,-1430.0,27.773460544785067,0.7589378678493187,6.187560371806752,10.71392987,-4.526369498193247
2007-12,,,8.517663613696392,1.4788707270417476,-302.8725704655846,-140.635953930896,-0.3565456769022322,8.75,8.75,5.69,5.69,19.114248817707804,-0.0262442369074359,-304.0,26.81007022592825,0.7683588463587139,6.304991371111206,11.00149738,-4.696506008888794
2008-01,,,-2.1960730785782427,1.4115593378514613,-404.6460586129024,-89.2190333066532,-0.2217353894907135,8.75,8.75,5.529999999999999,5.529999999999999,21.44752890320307,0.0111331024245422,-304.0,25.408983009226247,0.7819705695913285,10.02343995457706,13.16249856,-3.139058605422939
2008-02,,,9.857957794391575,1.5298864736618254,-401.96294407425887,-59.1070931296495,0.2578668984349251,8.922413793103448,9.0,5.912413793103449,5.99,22.11587852512337,0.0055845574845211,-304.0,25.41824316828048,0.792573010463734,11.376608963178242,13.33813648,-1.9615275168217567
2008-03,,,0.1955852604406983,1.4971495197899023,-504.6019513634556,-37.7771792800072,0.9581883409547772,9.129032258064516,9.5,6.619032258064516,6.99,23.9260354661503,-0.0090058063751629,383.0,27.602382696681783,0.8069004419691844,13.418992574398288,15.17131446,-1.752321885601711
2008-04,,,3.778424249254679,1.5155126471286444,-280.0928855232715,22.1356914616928,1.5724130468125703,9.5,9.5,7.13,7.13,22.726980567242038,-0.0005890669180017584,383.0,27.50834033088987,0.8153959245611061,15.233474630327937,14.21276547,1.020709160327936
2008-05,,,-6.186564131367133,1.3835596819567708,-446.3835601345708,-3175.70322054627,1.837743666790124,9.838709677419354,10.0,7.858709677419354,8.02,17.13217058230102,0.0472829922371208,383.0,24.2307215427142,0.8182472990766967,18.08621590576037,11.71253376,6.37368214576037
2008-06,,,-11.124294924724136,1.1941987557594191,-392.3064009608906,-184.73136915078,1.6507228779943504,10.066666666666666,10.5,7.596666666666666,8.03,15.498498405317187,0.0597521047708138,-23.0,23.20038788227057,0.8123602811060541,18.39951555459633,13.47831495,4.921200604596331
2008-07,,,-5.862151073338707,1.096140211672994,-493.58002325938605,-109.593360735465,1.0260198728514678,10.5,10.5,8.41,8.41,15.355654081130712,0.1225386032015865,-23.0,16.515061733528768,0.780263835713923,19.977665956749828,13.70482433,6.272841626749829
2008-08,,,-8.665155509723624,0.9837860893165162,-501.2927758593287,20.1703885374984,0.1081307443601961,10.85483870967742,11.0,8.91483870967742,9.06,15.231052792344558,0.0641640042598508,-23.0,15.527487317527688,0.7338119650076204,21.226054565508285,14.67758285,6.548471715508285
2008-09,,,-16.455294713570883,0.8131562293839958,-504.784918467622,635.159817351598,-0.9098102623434072,11.166666666666666,11.5,9.136666666666668,9.47,14.07022361837824,0.0766042780748662,-3485.0,14.754047494276978,0.6886574145833227,19.469469285709582,16.12323668,3.346232605709581
2008-10,,,-33.189642960352224,0.5416756714643973,-909.3953502830216,1273.77167630058,-1.8648619670118147,11.5,11.5,11.28,11.28,13.129667399948303,0.0856762158560959,-3485.0,6.541801229380284,0.668401392661356,18.428629210354163,16.12034649,2.308282720354164
2008-11,,,-10.822157434402325,0.4874713737264595,-747.3624013612285,798.027889608495,-2.642797145676976,11.5,11.5,10.98,10.98,11.374841131815932,0.1027034190299497,-3485.0,0.9196046464234664,0.667254732906808,18.53669149799148,13.53051101,5.006180487991481
2008-12,,,9.288015502217135,0.5388761421394185,-522.8244898806483,852.926678989525,-3.143851306377133,11.5,11.5,11.36,11.36,10.482895270235984,0.1117098173215928,-3902.0,2.7912480117934457,0.6813822155295627,16.88225200591269,12.41968395,4.462568055912691
2009-01,,,-15.697847705531826,0.4596207980741887,-283.95405341777507,-2151.89393939394,-3.246222884348343,11.5,11.5,11.27,11.27,9.469244491768432,0.0582536981280272,-3902.0,-3.873648745252345,0.6908329643730609,13.451341028730264,11.82833263,1.6230083987302637
2009-02,,,-7.15830438664857,0.4327095500371835,-419.5626249076266,-364.542646593866,-2.9678278708689496,11.0,10.5,10.78,10.28,8.299742531035918,0.0697402597402598,-3902.0,-7.278423094755848,0.6933573189986749,12.724920091546352,11.65687628,1.0680438115463513
2009-03,,,16.57734686843304,0.5136243596634389,-174.8654683976131,-232.419564276439,-2.512773260398097,10.451612903225806,10.0,10.291612903225806,9.84,6.878968068939007,0.0838684818905728,-1503.0,-11.284553138789688,0.679313791761674,11.521975325321868,9.15806071,2.3639146153218675
2009-04,,,23.78193297948947,0.6456514118035718,-431.4359629006881,-210.187517492303,-2.167555448680502,10.0,10.0,9.8,9.8,6.764820052157856,0.0851444643313729,-1503.0,-15.369440884712136,0.658397025457315,11.163975987504145,8.41019381,2.753782177504144
2009-05,,,14.160120508385107,0.7457205412343028,-428.7409937346925,-229.516084138534,-2.0628855547776896,9.758064516129032,9.5,9.568064516129033,9.31,8.48264397700535,0.0679562868986307,-1503.0,-16.314069916603803,0.637864995128748,9.723559772427896,8.36083249,1.3627272824278958
2009-06,,,-3.772416492869239,0.7245910489958743,-337.18352034505983,-303.293106974841,-2.07190307388188,9.333333333333334,9.0,9.113333333333332,8.78,8.417740658519037,0.068599275271773,-321.0,-16.74445315756793,0.6169967887288909,9.571009982565188,7.10767889,2.463331092565189
2009-07,,,8.254440308125554,0.7932228738607301,-348.3932913791077,-1505.62551103843,-1.9672289627463464,9.0,9.0,8.82,8.82,7.76335653876271,-0.0021204410517386,-321.0,-14.11083815630596,0.5958063486785843,9.6200692271283,5.16092697,4.459142257128299
2009-08,,,8.939826130902354,0.873822244733165,-398.7722569985962,39.1595772106213,-1.6555889512730797,8.516129032258064,8.5,8.366129032258064,8.35,7.078295092295561,0.0759094815239189,-321.0,-13.096091574960278,0.5674511296434968,8.821232223279006,3.25034779,5.570884433279006
2009-09,,,0.5383970310102286,0.8834215158811604,-191.89191617742983,-48.9233954451346,-1.2528686589726985,8.425,8.25,8.355,8.18,8.989131896264437,0.0569450332061609,1186.0,-10.27667034198485,0.5445103076464645,10.441406791742914,1.67657899,8.764827801742914
2009-10,,,3.024669722097754,0.9197862139346044,-156.7231944126516,-62.9118422733318,-0.980274900509184,8.25,8.25,8.14,8.14,8.609666015839847,0.0458472686733554,1186.0,-6.350738375481435,0.5341595903032895,12.71787572967458,0.42670408,12.29117164967458
2009-11,,,-15.758550152521082,0.7853164630647517,-258.2321152254372,-59.9786892595167,-0.9539948287538904,8.25,8.25,8.12,8.12,8.823228081635472,0.058493477346051,1186.0,-4.192960092889408,0.5386294699217351,12.670313303094227,0.98993742,11.680375883094229
2009-12,,,5.798785714164001,0.8490979794712806,-288.293892303619,-48.9460752618647,-1.1546643966739718,8.25,8.25,8.2,8.2,9.47259209811699,0.0521294247787611,378.0,-5.190622660854571,0.5500194559092576,12.650048360934155,0.79429061,11.855757750934156
2010-01,,,8.816077902708585,0.947389657982383,-172.09680156767843,-28.1801735277829,-1.4730648828292996,8.25,8.25,8.13,8.13,9.373985177099192,0.0621523915461622,378.0,-1.6710047692183316,0.5615541250096111,13.018580237342611,1.48758597,11.530994267342612
2010-02,,,-1.829446991921428,0.9498249266855696,-224.80116517055367,6.12657669253115,-1.8290207653037995,8.25,8.25,8.12,8.12,9.4806123966446,0.0610445087501722,378.0,0.9076523747331144,0.5717666760023513,12.245654223619612,1.56458048,10.681073743619612
2010-03,,,2.6169461473281688,1.002821094755681,-162.23491654459474,44.170843320985,-2.1646613233085064,8.25,8.25,8.16,8.16,9.83940123456986,0.0577367205542725,5548.0,5.300286309654911,0.5782451857565345,11.73651705851562,2.4959245,9.24059255851562
2010-04,,,9.485741488162851,1.129505920484843,-334.6856388738205,66.9412817086504,-2.502575179611993,8.25,8.25,8.05,8.05,9.595731900679421,0.0600352351267108,5548.0,9.468511319941245,0.5834295500954061,11.006443486230896,4.93458169,6.0718617962308965
2010-05,,,-12.113981738444275,1.020619468463399,-425.5582579726807,69.3878177575832,-2.813114148826863,8.25,8.25,8.06,8.06,8.366737082343416,0.0720441691354698,5548.0,9.630744299108684,0.5861507467078177,10.269195822354572,6.07828221,4.190913612354572
2010-06,,,-7.8779725821573345,0.9685697801398396,-334.388979277556,72.1903612033404,-3.031237380586503,8.25,8.25,8.16,8.16,10.374805788132292,0.0524723829563386,768.0,7.938542126235126,0.5801054288274441,10.344969119502348,8.3806055,1.9643636195023488
2010-07,,,4.697924280924042,1.0404802902650514,-199.98444660691263,91.2813830653606,-3.0323144538605766,8.25,8.25,8.07,8.07,10.43368819806231,0.0566094100074681,768.0,6.7990110529377645,0.5623059853573695,10.35218263041141,8.65743058,1.6947520504114095
2010-08,-0.870000000000001,-10.58,1.4471576121028644,1.0772354269696631,-181.71568714610265,129.822773866864,-2.80092611004576,8.25,8.25,8.04,8.04,11.800999281864412,0.0287313982613818,768.0,6.886358245996371,0.5347838201108204,10.373820041579592,9.20384743,1.169972611579592
2010-09,-0.6099999999999994,-10.47,3.53218590090716,1.1314661944741369,-105.2982476494634,164.61289014998,-2.43560479975274,8.25,8.25,8.1,8.1,11.836161231811092,0.0284842319430313,5900.0,4.031207621088595,0.5083638366734279,10.405366209657812,8.74932816,1.6560380496578126
2010-10,-0.3499999999999996,-10.37,0.5436920716220429,1.1410631574918333,-133.57209861721736,135.313304025445,-2.095848207945336,8.25,8.25,8.05,8.05,13.38429224774042,0.0286697247706422,5900.0,2.2249076385093103,0.4931208208603719,10.450414908061802,9.39981528,1.0505996280618015
2010-11,-0.5599999999999987,-10.14,0.5170650971314773,1.1312075109809068,-98.92116195606845,81.7802526056041,-1.8949837384154,8.25,8.25,8.05,8.05,12.7834511619101,0.0198855507868383,5900.0,2.4623987722585783,0.4929330011185185,9.700873643990624,9.58232717,0.1185464739906247
2010-12,,,6.522313019122042,1.184185415947613,-90.74142862786168,58.9918946301925,-1.9256033119248928,8.25,8.25,8.12,8.12,12.41851334064819,0.0185915492957746,-1329.0,4.661739436199208,0.5097237229466012,9.786146795374076,5.89093313,3.8952136653740768
2011-01,-0.6799999999999997,-9.58,-20.941062482673264,0.9200244215579654,-173.4457318416355,64.4691657584668,-2.260403619483946,8.25,8.25,8.08,8.08,11.750310909586828,0.0173999151223653,-1329.0,0.3426425567316871,0.5270244462128534,10.255658832509216,6.84031231,3.415346522509216
2011-02,-1.1999999999999993,-9.41,,,,69.8525589937281,-2.8592985055543427,8.25,8.25,8.09,8.09,12.213810098350876,0.0132644512705947,-1329.0,-6.0333192058161895,0.5358241584939415,10.165365372649982,7.41845737,2.746908002649982
2011-03,-3.1500000000000004,-11.13,-3.2370494996900687,0.879662891311428,-740.254912327077,58.5550181378476,-3.459272114012133,8.25,8.25,8.15,8.15,11.246012553829312,0.0219353047341385,-5540.0,-17.648610905533857,0.5169867397022715,10.885440491208207,6.47778508,4.407655411208207
2011-04,,,-8.42045346394033,0.7956308795226199,-794.6388700247206,26.25308433719,-3.704283738010766,8.25,8.25,8.16,8.16,10.942436340130012,0.0258584735159183,-5540.0,-24.83974051090917,0.4831931802594567,11.422114409002289,4.44684868,6.975265729002288
2011-05,2.25,-10.93,10.38661776902861,0.873583530947483,-252.3825439831972,-3.84608413535607,-3.456128258443026,8.25,8.25,8.15,8.15,11.075757324494628,0.0244171609877225,-5540.0,-27.13642602777857,0.4429743139840598,11.154137473290753,2.96655844,8.187579033290753
2011-06,-2.1500000000000004,-10.57,-2.722256018075948,0.8479470137012171,-206.91703744285712,-16.5127965408438,-2.955413349937696,8.25,8.25,8.18,8.18,10.117528829064447,0.0328715023091551,-1582.0,-30.43929593273341,0.4046696302061482,11.154137473290753,1.74874997,9.405387503290752
2011-07,-1.1999999999999993,-11.03,-6.27898753024381,0.7976072137331782,-154.91035848244582,-0.921454377364463,-2.623461288539176,8.25,8.25,8.14,8.14,10.435079396063106,0.0315870570107857,-1582.0,-32.757832485482794,0.3675457703734326,9.893994785490364,2.32105153,7.5729432554903635
2011-08,-2.85,-13.27,-7.863762826101198,0.7381357153491774,-232.1053884349108,35.5618996439847,-2.6515150838051795,8.25,8.25,8.17,8.17,9.528772131897636,0.0401532567049808,-1582.0,-35.51809414163374,0.3285125800181301,8.157998699242285,2.08695242,6.071046279242285
2011-09,-2.6,-13.33,-10.826055469820933,0.6649866606072332,-178.7036878256318,76.0952818627451,-2.909427910041893,8.25,8.25,8.19,8.19,8.042375455488836,0.05455938697318,-1730.0,-38.53529631393957,0.2955944908563376,7.881118042428985,2.47305824,5.408059802428985
2011-10,-2.85,-13.33,7.590607514471806,0.7280830069803108,-247.06188141668932,95.8201682263911,-3.0912797230684728,8.25,8.25,8.16,8.16,7.250040298660145,0.0624428876028024,-1730.0,-44.84385820811389,0.2647281225120697,6.859279146561168,2.17673049,4.682548656561169
2011-11,-2.85,-13.42,-9.688187985802214,0.6680637261299996,-195.949730997282,88.6240432961517,-3.0841904312333264,8.35,9.25,8.25,9.15,7.1053947453244986,0.0637650281540103,-1730.0,-50.99703012303776,0.2374712277213558,8.709470685093374,2.4532885,6.256182185093373
2011-12,-0.8000000000000007,-15.11,-9.894929032322256,0.6144945286941387,-222.39038328108936,65.2859646327863,-3.0007554426761565,9.25,9.25,9.21,9.21,6.664885736469918,0.0540380047505938,-1579.0,-58.06717442085279,0.2115256010583907,9.166718852582386,6.9088218,2.2578970525823863
2011-12,-0.8000000000000007,-11.11,-9.894929032322256,0.6144945286941387,-222.39038328108936,65.2859646327863,-3.0007554426761565,9.25,9.25,9.21,9.21,6.664885736469918,0.0540380047505938,-1579.0,-58.06717442085279,0.2115256010583907,9.166718852582386,6.9088218,2.2578970525823863
2011-12,3.1999999999999997,-11.11,-9.894929032322256,0.6144945286941387,-222.39038328108936,65.2859646327863,-3.0007554426761565,9.25,9.25,9.21,9.21,6.664885736469918,0.0540380047505938,-1579.0,-58.06717442085279,0.2115256010583907,9.166718852582386,6.9088218,2.2578970525823863
2011-12,3.1999999999999997,-15.11,-9.894929032322256,0.6144945286941387,-222.39038328108936,65.2859646327863,-3.0007554426761565,9.25,9.25,9.21,9.21,6.664885736469918,0.0540380047505938,-1579.0,-58.06717442085279,0.2115256010583907,9.166718852582386,6.9088218,2.2578970525823863
2012-01,2.4499999999999997,-12.37,28.318080803898027,0.8012281247109103,-190.56399295653927,46.4304914794394,-3.102774763882659,9.25,9.25,9.14,9.14,7.648186085730231,0.0444739952718674,-1579.0,-62.44916417881101,0.1891423069610633,8.250122151174377,5.84400646,2.406115691174377
2012-02,1.8500000000000012,-13.02,15.096823884013578,0.9326421709031892,-479.1247419713859,41.6859198963641,-3.500065659101136,9.25,9.25,9.15,9.15,6.87851797179772,0.0518431487736818,-1579.0,-62.47363161985122,0.1721163047369353,8.801087732271338,5.45883245,3.3422552822713376
2012-03,2.3500000000000014,-12.27,-6.192696991504438,0.8839156388704422,-319.37284972249006,49.6711153479504,-4.084306572257787,9.25,9.25,9.16,9.16,6.773199393503246,0.0530701754385964,-1260.0,-60.05001367561442,0.1603998055606983,8.617769624105241,5.51471292,3.1030567041052413
2012-04,3.2500000000000018,-11.65,-1.4613782865568767,0.8814386178488643,-205.42278434873435,72.6805447124226,-4.590683071197788,9.25,9.25,9.09,9.09,7.18294068899918,0.0477785870356881,-1260.0,-56.07208281855749,0.1561389348666888,8.434114843375095,5.47897135,2.955143493375095
2012-05,-0.1499999999999985,-15.41,-5.233144800726359,0.8470177426722859,-166.93075285035465,97.6940428392804,-4.7658372874047,9.25,9.25,9.09,9.09,7.263708031105738,0.0472406818838485,-1260.0,-53.21784569446274,0.1550962216257408,7.973496801885352,6.65508682,1.3184099818853516
2012-06,-0.3500000000000014,-15.33,0.4730689950964717,0.8691241183101088,-243.250471639076,84.2175251959686,-4.456532194532159,9.25,9.25,9.16,9.16,8.325477497569524,0.1265493496557002,-456.0,-52.856849723921805,0.1523921033739405,7.045846364856137,6.87498814,0.1708582248561372
2012-07,-0.3500000000000014,-15.49,3.269343901252808,0.9104255249600548,-311.98337762847166,11.8079300670968,-3.644155982642523,9.25,9.25,9.12,9.12,8.140658609691803,0.0469430553315051,-456.0,-56.57519781284808,0.1421250202621385,6.203539091945269,6.25556109,-0.0520219980547302
2012-08,-0.3500000000000014,-15.43,9.65999181496053,1.0075736908427193,-159.1327627183714,-47.7451675082131,-2.557056739404533,9.25,9.25,9.12,9.12,8.87443560992485,0.0400063755180109,-456.0,-51.62060934312831,0.1322037760609288,6.297479916138839,6.06488514,0.2325947761388382
2012-09,-0.3500000000000014,-15.35,9.181302452060567,1.1086736590932569,-268.8407236839737,-62.8419816449915,-1.660706669073713,9.25,9.25,9.16,9.16,9.751243613899558,0.0316205533596837,-327.0,-49.77194296217552,0.1246566725793277,6.015392281974714,6.15254846,-0.1371561780252861
2012-10,-0.6999999999999993,-14.48,-2.1623822103740657,1.089768017278469,-196.67250221737504,-35.0150142228436,-1.4518489979281697,9.25,9.25,9.07,9.07,11.029643892797612,0.0197235595589376,-327.0,-41.374718953484965,0.1258800079327045,6.485097231961627,5.76413267,0.720964561961627
2012-11,-1.0999999999999996,-15.079999999999998,-15.59464389485124,0.9267549711320976,-148.56533641882325,14.8545509639786,-2.024932640359199,9.25,9.25,9.09,9.09,11.223252375107725,0.0179705654531369,-327.0,-37.089072543618,0.1242773976249486,4.210117601863533,5.19911004,-0.9889924381364672
2012-12,-1.0999999999999996,-14.92,13.618863191525207,1.0689609791728127,-334.3332731064065,40.4578313253012,-2.941859849291466,9.25,9.25,9.16,9.16,12.3473047869843,0.0118672074508037,67.0,-27.75111299234322,0.1254296393215237,4.592893188839973,5.53630908,-0.9434158911600266
2013-01,-3.5500000000000007,-14.330000000000002,2.637475697584581,1.1083830285856673,-269.55930399285864,5.78554382489679,-3.496583200299886,9.25,9.25,9.1,9.1,14.77100956988626,-0.0095126591541049,67.0,-28.764421482554592,0.121829796673146,6.109509935981083,7.25629202,-1.1467820840189171
2013-02,-3.649999999999999,-14.56,-2.087402278430885,1.09915052735382,-100.68373097519223,-42.7537301344468,-3.2474505329692627,9.25,9.25,9.11,9.11,15.346656517887302,-0.0144738746562454,67.0,-25.233912721893493,0.1208753867070834,7.881118042428985,7.14304469,0.7380733524289846
2013-03,-1.299999999999999,-14.829999999999998,-7.116182648202198,1.0222723155048103,-170.67387728964664,-67.173019967517,-2.4869523640651225,9.379032258064516,9.75,9.289032258064516,9.66,17.24229772256818,-0.0304748405386249,-531.0,-21.5592112984625,0.1193513574570146,7.325046173959274,8.24194661,-0.9169004360407254
2013-04,,,1.9153451190667616,1.0450379610771383,-155.8061797655507,-65.5179842580849,-1.8916934793552396,9.75,9.75,9.61,9.61,18.327936014898786,-0.0391882435269418,-531.0,-12.64644270308014,0.1268324394202003,7.788653865707119,8.8587731,-1.0701192342928811
2013-05,-1.299999999999999,-14.54,4.662579284438714,1.0919992380378083,-109.86850339634412,-51.1708768227412,-1.8975002209912195,9.75,9.75,9.66,9.66,18.817352082416477,-0.0432619212163095,-531.0,-0.1642621812140365,0.1416921479795546,7.881118042428985,8.63393287,-0.752814827571016
2013-06,-1.2499999999999982,-14.13,-12.623258567654084,0.9548290524232538,-262.9784396435265,-39.5615668097717,-2.172482528272873,9.75,9.75,9.68,9.68,18.38801410905381,-0.0620066025549018,2268.0,2.4235829458898017,0.1529726916331995,9.349034308733897,8.36411859,0.9849157187338964
2013-07,-1.2499999999999982,-14.05,12.046580335085489,1.07544241211592,-381.6190698109496,-51.4879154907925,-2.002903387236916,9.75,9.75,9.66,9.66,19.433952402042927,-0.034423676012461,2268.0,58.68421052631578,0.1737850070790869,9.80337402713654,8.94385715,0.8595168771365405
2013-08,-0.9999999999999982,-13.62,-1.07010723608841,1.0613521020769543,-224.9822962466903,-109.127977545137,-1.16831567669458,9.25,9.25,9.18,9.18,19.204493840280914,-0.0325366229760987,2268.0,47.63313609467454,0.1817870657542694,9.257918129309315,8.8806946,0.3772235293093153
2013-09,-1.1500000000000004,-13.91,6.697584533726156,1.126497272084317,-168.32236256378326,-162.226384174178,-0.1518886832166931,9.05,8.75,8.99,8.69,18.730584742535548,-0.0287162162162162,1268.0,46.929605071103865,0.1886495591783377,9.62188577405429,8.07278964,1.54909613405429
2013-10,-0.8500000000000014,-13.53,9.987136444427838,1.2238434129942268,-230.41402986775768,-95.7113572245262,0.2372880001502314,8.75,8.75,8.68,8.68,17.80382843758992,-0.0288084464555052,1268.0,39.04489625150664,0.1789552463623018,9.893994785490364,7.94572388,1.9482709054903635
2013-11,-1.3000000000000007,-11.75,0.036396812609797,1.2070588459185263,-247.7096305368916,-53.9854564642059,-0.2723390454271381,8.75,8.75,8.68,8.68,18.52677560672363,-0.0348385167464114,1268.0,35.89986863231647,0.1706767423373849,12.22176327242491,7.54733208,4.67443119242491
2013-12,-1.3000000000000007,-11.46,9.6817488692795,1.3010263190872844,-169.70992948745226,-41.7807514153371,-1.2241034282069585,8.362903225806452,8.25,8.292903225806452,8.18,18.89071658163955,-0.0243294738384876,-42.0,29.12978888121691,0.1651992711133915,11.064652008706364,6.47409374,4.590558268706364
2014-01,-1.85,-12.43,9.17624475883258,1.3854172992181295,-237.6111977886219,-49.7362696788826,-1.7483984471120229,8.25,8.25,8.18,8.18,16.703787509093665,-0.0238571428571429,-42.0,51.28635483791928,0.1622966202580618,10.795714150509236,4.62962963,6.166084520509235
2014-02,-1.9400000000000013,-12.39,9.75240538806927,1.4885365584331989,-260.9339092177123,-80.0330748964052,-1.423031324193408,8.25,8.25,8.19,8.19,17.028894380249604,-0.0264900662251654,-42.0,52.86334351465989,0.1630027907726539,9.349034308733897,4.81100563,4.538028678733896
2014-03,-2.0,-12.42,-3.966931776795644,1.3998162281210431,-290.6658650394775,-118.49049282111,-0.6061199424543324,8.25,8.25,8.19,8.19,16.286398889137097,-0.0202749618108597,-30.0,56.63146344808667,0.1667252139396073,9.349034308733897,4.91571464,4.433319668733897
2014-04,-1.790000000000001,-12.73,5.779734350796853,1.4505179036483116,-303.6157565787016,-85.0687691942169,-0.133783486862466,8.25,8.25,8.16,8.16,16.496340646588255,-0.0221705214178184,-30.0,39.84812150279775,0.1701025470371524,8.52598439508234,4.84309556,3.682888835082339
2014-05,-2.02,-13.02,-0.1598810097696854,1.4139289366745598,-263.2561976486866,-32.5618027259591,-0.4738597081591973,8.25,8.25,8.17,8.17,17.01789943376516,-0.0263759924640022,-30.0,16.746582426054403,0.1725966807125822,7.881118042428985,6.20537351,1.6757445324289844
2014-06,-1.9799999999999984,-12.92,-0.9795048853928414,1.3653729392931766,-274.4959167017872,13.4712094543626,-1.378258043974193,8.25,8.25,8.16,8.16,17.047434408251714,-0.0214887640449438,42.0,14.14139463009465,0.1692892927379866,7.881118042428985,7.05353446,0.8275835824289848
2014-07,-0.9499999999999992,-13.27,8.136041753448836,1.4417548144428454,-182.58983559794976,121.919033013796,-2.1257157196045857,8.733870967741936,9.25,8.653870967741936,9.17,17.396115459703942,-0.0010891551268087,42.0,-16.96510415573329,0.161300148913756,10.436001532424283,6.84766472,3.588336812424284
2014-08,-1.4900000000000002,-13.55,7.030708293867849,1.5025837804213775,-345.4247085008427,-1909.80677332225,-2.320772357531796,9.25,9.25,9.18,9.18,17.138472332658296,0.0010805804260573,42.0,-16.163337127216103,0.1501900784196878,10.885440491208207,6.83021041,4.055230081208207
2014-09,-1.2899999999999991,-13.43,3.859178158175808,1.5191458024134223,-246.40604699539412,-392.851768246802,-2.07684831518126,9.25,9.25,9.18,9.18,15.638045638790992,0.0140143257552166,316.0,-13.230066203549306,0.1417288080656835,10.526051065749291,9.42256874,1.1034823257492905
2014-10,-1.3499999999999996,-13.63,-7.0914446460240175,1.3760001428988966,-344.92288256233314,2612.49408424042,-1.878598985659946,9.25,9.25,9.18,9.18,15.707695622279475,0.02141426590664,316.0,-12.326716004097914,0.136413463477354,11.154137473290753,11.95690517,-0.8027676967092479
2014-11,-1.3499999999999996,-13.8,2.109014955631152,1.3754367178092577,-436.1262649966274,95.1927470145042,-2.0109690802297826,9.25,9.25,9.17,9.17,15.64478740428751,0.0221610881858472,316.0,-13.282238946811209,0.1317422329956598,8.709470685093374,12.37400265,-3.664531964906626
2014-12,-1.3010000000000002,-12.73,-4.09652896255645,1.2835270784665394,-291.49377746950944,62.1817538896747,-2.4896626168883293,9.25,9.25,9.19,9.19,15.766385207881362,0.0209486757444262,-2411.0,-12.526938345621009,0.1279495230818492,9.62188577405429,14.34090262,-4.71901684594571
2015-01,-1.5300000000000011,-12.97,10.26731402171941,1.386534380106305,-416.76802156212057,167.314069161535,-3.1884898597951525,9.024193548387096,8.75,8.964193548387096,8.69,16.396002510876208,0.0339734121122599,-2411.0,-13.104001166095758,0.1260461037248275,9.257918129309315,16.97797295,-7.720054820690686
2015-02,-1.799999999999999,-12.17,-5.1720494559640775,1.2829210177109869,-435.0712370598894,1094.12357498268,-3.984696484013656,8.75,8.75,8.69,8.69,15.499233708975602,0.0419908970782557,-2411.0,-11.430559150918974,0.130413303749244,10.074990310014314,17.99037434,-7.915384029985685
2015-03,-1.799999999999999,-12.26,-2.1344523950584966,1.2284895401043918,-217.73370943211597,-2217.83840503673,-4.674414655219789,8.75,8.75,8.69,8.69,16.946647569020342,0.0290082880823092,30.0,-14.290718038528905,0.1355848434457533,10.885440491208207,20.63242609,-9.746985598791792
2015-04,-1.75,-12.4,-5.062957181234794,1.1404985305876247,-357.10277548678704,2298.76826968411,-5.1446542821292525,8.75,8.75,8.67,8.67,16.49846837090799,0.0330835571893113,30.0,26.571877679336957,0.1632084763921814,10.436001532424283,22.18918962,-11.753188087575715
2015-05,-1.58,-12.43,1.2714058224528746,1.1334118368109185,-238.3183086052815,281.418423287777,-5.2968307244921125,8.75,8.75,8.67,8.67,15.87056644051542,0.0385744234800839,30.0,21.0398312046,0.1837031114789421,12.31021971339834,22.50789044,-10.19767072660166
2015-06,-1.6799999999999995,-12.3,-4.679961970042854,1.061286492288935,-207.19149855058905,110.365076727051,-5.201847785672246,8.75,8.75,8.67,8.67,16.40802341021455,-0.0143964562569212,1427.0,31.457413142441304,0.2046318057635482,10.795714150509236,22.1393273,-11.343613149490766
2015-07,-1.1500000000000004,-12.8,-2.150144597224174,1.0189863228606812,-371.1183681944887,89.842973057053,-4.952556035839909,8.75,8.75,8.67,8.67,16.466243531919755,0.011966619430011,1427.0,19.269209377580765,0.1930878347074271,8.065790301745453,23.51535621,-15.449565908254549
2015-08,-1.4000000000000004,-13.19,-11.464280787594008,0.8889577117927974,-374.3792693588502,116.847289509333,-4.653378928411013,8.75,8.75,8.67,8.67,16.802858225980078,0.0090342679127726,1427.0,13.690917419730964,0.1789378753065398,7.603468627599757,25.32849422,-17.725025592400243
2015-09,-1.5099999999999998,-13.34,1.1092833712286752,0.8897994167004237,-451.6131739069518,157.566803699897,-4.476042121184196,8.75,8.75,8.68,8.68,19.852771259393304,-0.0381908042534072,-1406.0,-2.890811553432993,0.1550708067552509,8.801087732271338,28.33917125,-19.538083517728666
2015-10,-2.1999999999999997,-13.25,2.386647538211456,0.9032160852533948,-182.88455812449232,156.818750181744,-4.550398090356253,8.75,8.75,8.68,8.68,19.72502644603938,-0.0370864856846165,-1406.0,-2.878808926513976,0.139890807564029,9.257918129309315,27.0722925,-17.814374370690686
2015-11,-1.9499999999999995,-13.04,-15.33373557683984,0.7596699072230276,-355.79186337226383,125.86882687718,-4.917865762919586,8.75,8.75,8.67,8.67,19.31440856263576,-0.0338157117542821,-1406.0,7.234991241573341,0.1321619169673269,10.526051065749291,26.93591949,-16.40986842425071
2015-12,-2.1899999999999995,-13.27,10.215443669228298,0.8365548223627048,-361.0582639125941,95.0470583960173,-5.47589709508344,8.830645161290322,9.25,8.630645161290323,9.05,18.60496444461376,-0.0280686445607913,-180.0,12.286973918197996,0.1344328504278423,10.526051065749291,25.79031526,-15.264264194250709
2016-01,-2.17,-13.83,-14.463153777970629,0.7147689895474713,-347.78629276130886,70.3439389434037,-6.04808955855306,9.25,9.25,8.96,8.96,17.31506932955816,-0.0174165457184325,-180.0,12.472625271417526,0.1374737670119789,9.62188577405429,23.42940333,-13.80751755594571
2016-02,-2.049999999999999,-14.11,2.5732889238943257,0.7383451367401457,-368.9978216463752,52.253271516053,-6.496891732051654,9.25,9.25,8.96,8.96,17.420672869727625,-0.040569094238625,-180.0,8.253109986664974,0.1391990589857142,8.709470685093374,22.61060389,-13.901133204906628
2016-03,-1.259999999999998,-15.37,22.41867078362694,0.912921295919282,-384.171675101373,40.2962889560521,-6.934644734428133,9.830645161290322,10.75,9.580645161290322,10.5,18.163170749935077,-0.0465940054495913,85.0,10.388416242523313,0.1451412841186782,8.617769624105241,25.46685756,-16.849087935894758
2016-04,-1.16,-15.46,3.298874815780483,0.9443742695694886,-507.1838061878312,31.2412320679667,-7.233294423830942,10.75,10.75,10.45,10.45,18.004294380839305,-0.0453502496963152,85.0,-23.044500893781173,0.15570332873443,9.80337402713654,24.37521997,-14.57184594286346
2016-05,-1.589999999999998,-15.4,-3.7253496937566486,0.9114210330225936,-167.27408819131938,26.283212713194,-7.290410506219225,10.75,10.75,10.46,10.46,18.84672865309604,-0.052066772655008,85.0,-14.61077844311377,0.1689731806120335,11.600367575630614,30.38715648,-18.786788904369388
2016-06,-1.3699999999999974,-16.48,-7.230829875795891,0.8487881319975342,-153.3725409059976,26.1580596739789,-6.96686857019674,11.15,11.75,10.85,11.45,18.631414811625607,-0.0654592496765847,215.0,-18.20493180311408,0.1740509261244018,13.10282624064042,31.29922192,-18.196395679359583
2016-07,-0.7799999999999976,-16.349999999999998,14.989225814257631,0.9821170120874416,-322.18474227036324,31.276091616834,-6.454826807881102,11.75,11.75,11.45,11.45,17.791536685161073,-0.0278585642124598,215.0,-25.35115733544357,0.1596202323618395,13.10282624064042,30.02569532,-16.92286907935958
2016-08,-0.1900000000000012,-16.009999999999998,2.190739244533804,1.0079890379567338,-379.1389434984084,36.1959796068549,-5.992917157928406,11.75,11.75,11.45,11.45,18.27582993503704,-0.03182023827477,215.0,-15.102232185373222,0.1417692753444771,14.410034397375687,29.81676971,-15.406735312624312
2016-09,-0.1700000000000017,-15.9,-3.394565361287764,0.9802763241519136,-183.5268784344377,33.4355828220859,-5.652383110477776,11.75,11.75,11.46,11.46,17.984784756529695,-0.0075802615933412,-841.0,22.91640350655586,0.1340948452646666,13.19050708799386,25.72793598,-12.537428892006142
2016-10,-0.0799999999999983,-15.56,6.406711744919193,1.053620188828433,-188.1863607066071,20.7671421486593,-5.41529487884756,11.75,11.75,11.44,11.44,17.66185055841321,-0.004948052792764,-841.0,19.50376091675501,0.1377076800759849,12.75133202989597,25.40596124,-12.65462921010403
2016-11,-0.1900000000000012,-14.65,36.57535210343868,1.4445026939582688,-939.0586736482963,3.35891636846886,-6.559381228856213,14.55,14.75,14.24,14.44,38.585481129891456,-0.155189620758483,-841.0,51.89750189750188,0.2046922184840335,17.730901497041028,65.05450276,-47.323601262958974
2016-12,-0.1999999999999993,-14.7,7.785039181018483,1.5396002397657216,-918.7198056603096,-13.1141127154169,-7.95698948071261,14.75,14.75,14.2,14.2,39.50914199379449,-0.0991556831924256,1054.0,62.78684197502351,0.2909335253420667,20.94502241822073,64.27595589,-43.33093347177928
2017-01,0.1099999999999994,-14.900000000000002,2.65372959985873,1.5528730880866857,-609.9943699959629,-28.0481999090169,-9.007715137092909,14.75,14.75,14.19,14.19,41.48060872113541,-0.1150428313014582,1054.0,79.72756874994822,0.393019698489301,24.76410229145973,69.57029082,-44.80618852854027
2017-02,-0.1099999999999994,-14.59,-5.798544721676638,1.4419975685197035,-359.1958477876871,-40.7341200761453,-8.099931025779526,14.75,14.75,14.18,14.18,36.63398011567952,-0.0623629665896278,1054.0,83.38873795582253,0.4177289443320603,26.39015437863776,57.13613767,-30.74598329136224
2017-03,-0.2200000000000024,-15.02,8.855413158514176,1.5493885638480074,-379.8143669973314,-50.0865235202712,-6.705067803615126,14.75,14.75,13.93,13.93,38.375333164402655,-0.0717386016752169,7588.0,99.44805768470296,0.4336760218316756,26.92634869277628,57.64265597,-30.71630727722372
2017-04,0.1000000000000014,-14.84,-4.318650537137924,1.454582110788327,-260.6242227003463,-58.077771246504,-5.381915631166312,14.75,14.75,13.92,13.92,38.76043275004129,-0.0767256300446824,7588.0,93.74460038795702,0.4412774136619544,27.383666562972785,57.76104792,-30.377381357027215
2017-05,-0.0300000000000011,-16.38,7.286948269206013,1.532479500555597,-235.19473064934184,-63.8606461127832,-4.45811979005034,15.39516129032258,16.75,14.56516129032258,15.92,39.363289868335805,-0.0808693452244081,7588.0,104.45223624746768,0.4795310186983715,26.00539053343068,51.83898792,-25.83359738656932
2017-06,-0.0,-16.060000000000002,0.4211511113876494,1.5060805943308873,-322.78661422228186,-67.5781739239344,-3.635024291121973,16.75,16.75,15.59,15.59,39.2974799015286,-0.0315710348283637,8184.0,108.08099090308158,0.4953008034852187,26.082461828189828,51.31177854,-25.22931671181017
2017-07,0.009999999999998,-16.34,0.1759505397583252,1.4740368864932747,-219.98259985035435,-68.5980313913275,-3.0447503152005466,18.233870967741936,18.75,17.163870967741936,17.68,38.70772913279134,-0.1549605484413401,8184.0,194.49324196418428,0.5176992149299685,28.51789422336625,49.7080527,-21.190158476633755
2017-08,-0.0799999999999983,-14.72,-0.0269013918675733,1.439204540502124,-235.8284782727359,-68.0085828735134,-2.712321776618676,18.75,18.75,17.68,17.68,39.58024887110187,-0.1603140433075851,8184.0,168.9389755626122,0.5066262181488926,27.68738737351775,47.42576857,-19.73838119648225
2017-09,0.0500000000000007,-13.12,3.523763451520112,1.4499728535926677,-287.6073427283503,-67.2142790393421,-2.573724555715009,18.75,18.75,17.69,17.69,39.69550197986928,-0.1609926424741238,7479.0,116.0267740918869,0.4910458413769079,27.459683290312547,46.68198347,-19.22230017968745
2017-10,-0.0700000000000002,-13.27,3.267953149761918,1.4558407353922402,-267.40341693748354,-66.9340623898352,-2.5225430427113693,18.75,18.75,17.68,17.68,40.45312482556197,-0.1024570287226101,7479.0,123.78498257471747,0.4620048253060609,26.849925303500697,46.06466837,-19.214743066499302
2017-11,-0.0100000000000015,-13.79,1.67224686558298,1.4386018090524642,-252.4052495985031,-65.808124595746,-2.5010803419897427,18.75,18.75,17.68,17.68,20.718664949544703,0.0442939030745178,7479.0,72.407912317101,0.4522806237397873,23.111172096338663,11.25457366,11.856598436338665
2017-12,-0.0799999999999983,-13.78,2.9962515995506864,1.433244964448734,-314.87662040671324,-61.7291362895617,-2.5401031362593027,18.75,18.75,17.42,17.42,20.450493695344203,-0.024931092743996,541.0,62.51285767127938,0.4592488305727979,19.803085049913435,12.54666088,7.256424169913435
2018-01,0.1199999999999992,-12.03,0.1546693086288654,1.391138002105568,-281.77128373861194,-52.1525929629031,-2.699686318933456,18.75,18.75,17.41,17.41,20.43512790444677,0.0616343531311958,541.0,52.44727197289261,0.4772474600603884,15.785808461558032,9.92984776,5.855960701558033
2018-02,0.1139999999999989,-11.93,2.860719421208225,1.382716722378288,-242.1997667490247,-39.5955598681288,-2.9419307330071525,18.25,17.75,16.9,16.4,25.3939795707934,0.0196457326826182,541.0,72.10198936307258,0.5198304291792978,13.453089295760623,19.83039166,-6.377302364239377
2018-03,0.1240000000000005,-12.085,12.780324558948708,1.507098632640021,-671.388551113796,-31.7048148017122,-3.0843315985151363,17.653225806451612,16.75,15.983225806451612,15.08,21.524651699672617,0.0494338625375622,6906.0,58.06116852984604,0.5601605628674058,12.486898204586929,15.3305985,-2.843700295413072
2018-04,0.2249999999999996,-11.925,4.844772107976139,1.5256241841910398,-677.8444674555366,-37.186580393943,-2.8600082852401827,16.75,16.75,15.06,15.06,21.3444326350718,0.0536828309757282,6906.0,63.50136509151794,0.6039235265105048,12.31021971339834,16.10861847,-3.79839875660166
2018-05,0.9299999999999996,-12.49,-10.281395988209171,1.3204919224648333,-508.5552220824071,-55.1355127750177,-2.2319299359770794,16.75,16.75,15.05,15.05,19.362647303941063,0.0713482435989039,6906.0,49.00607483402821,0.6241168224963506,10.795714150509236,14.98620077,-4.190486619490764
2018-06,0.1500000000000021,-14.1,-0.4019609455768734,1.276957369468834,-570.606103561786,-68.271954674221,-1.4664693040148151,16.75,16.75,14.84,14.84,18.371920669186025,0.0782323875644691,-2830.0,41.06670801487022,0.6213264122503996,13.453089295760623,14.24557488,-0.7924855842393761
2018-07,0.5399999999999991,-14.15,-4.699866349003421,1.1807955197011113,-342.8750620509983,-51.6207022391367,-1.057875619209005,16.75,16.75,14.84,14.84,17.863680930666103,0.0424793078122403,-2830.0,26.70133509889503,0.5990782615031479,12.663265093336602,15.41061199,-2.747346896663398
2018-08,0.2870000000000026,-15.29,2.7549086371860634,1.1848993043640927,-365.7616413680487,-17.1634264884569,-1.2058019775036817,16.75,16.75,14.84,14.84,17.02904594347332,0.0499398742564379,-2830.0,27.009189265500467,0.5565784937832866,13.27811112338184,15.75007376,-2.471962636618158
2018-09,0.221,-15.669999999999998,-8.700757866779602,1.056230073852191,-397.1214456216627,14.696157792726,-1.7620323082527494,16.75,16.75,14.57,14.57,16.356451391733163,0.0559813140499628,-3240.0,25.723002565671997,0.5211604231732297,14.842000511827322,16.49962713,-1.657626618172678
2018-10,0.5500000000000007,-14.9,-9.346853241582943,0.9384736561749774,-700.9319020949462,37.7071306241423,-2.3677416875246364,16.75,16.75,14.55,14.55,15.39233279705254,0.0407957916436846,-3240.0,24.652905588432404,0.4890766670056248,16.29688282781397,18.69192111,-2.3950382821860288
2018-11,0.7339999999999982,-14.79,0.522328190552804,0.930025087879731,-415.3078441398548,59.4820547614393,-2.887915716453153,16.75,16.75,14.55,14.55,14.040328798167842,0.0530937028398958,-3240.0,25.11923738477919,0.4766243886236448,14.583044821153951,22.86404186,-8.28099703884605
2018-12,0.7759999999999998,-15.416000000000002,-2.130185067007017,0.9052984523302896,-477.3158021020394,81.9027341999104,-3.4104935897691195,16.75,16.75,14.35,14.35,13.302139823035846,0.0599864590385918,-2650.0,17.365710080941852,0.4711079647603975,11.332868530700328,23.99889297,-12.666024439299672
2019-01,0.2310000000000016,-15.12,8.368588890414603,0.9791017818139696,-310.19745235208313,103.975436493913,-4.13325535520482,16.75,16.75,14.35,14.35,11.856659704120965,0.0723323383535604,-2650.0,13.67057677943395,0.4731823561712767,11.955923505763923,22.37593352,-10.420010014236077
2019-02,-0.1610000000000013,-14.87,4.794403214343349,1.021753016727754,-626.1208123168633,121.287044877223,-4.975488830249893,16.214285714285715,15.75,13.814285714285717,13.35,11.527029590345276,0.0755047562282733,-2650.0,4.415169191122614,0.480904199680805,13.453089295760623,21.24263876,-7.789549464239375
2019-03,-14.708000000000002,-14.19,-0.4464343010692412,1.008875536947823,-351.37202251612337,135.565915565916,-5.609666269518666,15.75,15.75,13.32,13.32,11.40141043916625,0.0767050683052299,6942.0,4.422126378494951,0.4954547397528251,13.27811112338184,19.78835046,-6.51023933661816
2019-04,0.189,-13.79,1.23674504067071,1.0162999730431186,-195.3247980770469,157.250915295205,-5.519958160818294,15.75,15.75,13.3,13.3,11.332134068316144,0.0773602051209507,6942.0,1.2059259411728362,0.5098227888007432,12.22176327242491,18.103364,-5.881600727575089
2019-05,0.1549999999999993,-13.824,-7.69992258790964,0.931472043235942,-456.4558864173634,181.115752527375,-4.559653483957756,15.75,15.75,13.35,13.35,11.627833920354671,0.0744615374264087,6942.0,0.9054102096510696,0.5152353154304842,13.19050708799386,14.3617594,-1.1712523120061409
2019-06,0.3060000000000009,-13.73,2.392147152304322,0.9525953045652452,-397.6765740268736,120.718344155844,-3.0410769514933857,15.75,15.75,13.35,13.35,11.849526419844524,0.0722108727149394,3178.0,5.777593094018929,0.510049359329459,8.984070399978954,13.78579556,-4.801725160021046
2019-07,0.1649999999999991,-13.71,-5.022927874707288,0.902955419994886,-211.93018185476384,-15.1443311467019,-1.689606791531249,15.75,15.75,13.35,13.35,12.079752659983995,0.0747789181159419,3178.0,0.9225906609574565,0.4902931421975151,8.342160813907237,11.49185691,-3.1496960960927627
2019-08,0.4269999999999996,-13.21,10.773890103916614,1.000314466018411,-376.3401578311049,-41.5954645798649,-0.9800286403309734,15.266129032258064,14.25,13.136129032258063,12.12,11.778203975558046,0.0775620451289398,3178.0,0.171530919774554,0.4591896512630249,7.232066157962608,10.91543494,-3.683368782037393
2019-09,0.359,-12.22,-3.893468038524178,0.9575485306961148,-548.2071148485295,-31.3021868787276,-0.9872941959825,14.183333333333334,13.25,12.283333333333331,11.35,12.990574943741104,0.0661075914642705,-1982.0,0.2802540701164924,0.4272116778628563,4.688358589885046,9.94119468,-5.252836090114955
2019-10,0.0860000000000003,-12.47,2.106012519506938,0.9767054373584844,-431.5361799141261,-12.4943376024379,-1.4318552023638838,13.25,13.25,11.67,11.67,12.927085741181402,0.0346697103723782,-1982.0,0.4555630431106516,0.4024487194680632,3.05292050348228,7.51982768,-4.46690717651772
2019-11,-12.326,-12.103,-4.8671453947721,0.9286079908436352,-253.99513121793223,1.8271754492227,-2.065677627027443,12.783333333333331,12.25,11.223333333333333,10.69,13.166385284714291,0.0324362606232295,-1982.0,1.0302867027048856,0.3916353375869875,3.5367143837291346,3.97110547,-0.4343910862708653
2019-12,0.1660000000000003,-11.782,0.8094178401179567,0.9380446295190914,-463.8547293481938,-1.68175937904269,-2.6626206144652724,12.25,12.25,10.7,10.7,13.278510845867638,0.0314245810055866,2255.0,6.336273311726259,0.3917628098628481,6.859279146561168,4.18788378,2.6713953665611685
2020-01,0.0839999999999996,-12.14,-0.3059829990344871,0.9379513466822093,-230.1827949321473,-21.9778536634359,-3.015234000966306,12.25,12.25,10.66,10.66,13.745770568704977,-0.0386561709305594,2255.0,6.241237393152721,0.3966454360761478,6.95260626486103,3.53077662,3.42182964486103
2020-02,0.08,-12.52,-6.537182696259168,0.8794099811645477,-162.22204783637224,-37.9750516568455,-3.057974839555163,12.25,12.25,10.67,10.67,13.929727404002636,-0.0401779507854858,2255.0,2.195652730484654,0.4014157034733515,5.164323315183839,4.01401901,1.1503043051838384
2020-03,-0.2460000000000004,-14.254,-26.25117803602753,0.6530866661319168,-1284.998948929481,-39.2052951007125,-2.968964640909669,10.798387096774194,9.25,10.718387096774194,9.17,14.822093586944122,-0.047632008709853,-8218.0,-11.598633109522485,0.3899683269797662,4.974209189481401,8.83188274,-3.857673550518598
2020-04,-0.2780000000000004,-12.96,10.007358811916692,0.7348174038064462,-1146.8731394891686,-13.8555581962185,-3.068971898548893,9.25,9.25,9.2,9.2,15.698340640315012,-0.0548201631234123,-8218.0,-20.34773014432403,0.3708807082242198,5.732506661926935,12.82897513,-7.0964684680730645
2020-05,-0.4519999999999999,-13.347,-3.163717401108973,0.7279176267788822,-338.6868953035279,58.319191777088,-3.470066483953369,9.25,9.25,9.2,9.2,17.239745604892377,-0.0673290626225648,-8218.0,-23.24528607964556,0.3502458580915523,4.592893188839973,16.57695132,-11.984058131160026
2020-06,-0.1999999999999993,-13.251,5.327226437211239,0.7810534301587051,-303.1229989603014,251.916888848028,-3.973336743132006,9.25,9.25,9.17,9.17,17.47485501379872,-0.0640857548766524,637.0,-18.857920575018817,0.3521768087783771,5.448818528406978,18.66203359,-13.213215061593022
2020-07,-0.0579999999999998,-13.909,-1.5340110491899923,0.7822781117611941,-246.87384514301968,459.103752619214,-4.097244003601635,9.25,9.25,9.15,9.15,19.10799188846665,-0.1026141240733515,637.0,-20.521901305255973,0.3510614351047165,4.1141943331175215,22.41010813,-18.29591379688248
2020-08,-0.2240000000000002,-14.027,7.231783505952197,0.8518988700862449,-295.6748934756871,277.194414446091,-3.72839291797676,9.25,9.25,9.16,9.16,19.15410815692092,-0.1028277634961439,637.0,-19.960607879432867,0.3414499974296064,3.343477608623742,25.35521794,-22.011740331376256
2020-09,-0.0999999999999996,-13.888,-3.314449511217231,0.8357830688306868,-287.6676942428074,101.483142815801,-3.1120612566618866,9.183333333333334,8.75,9.093333333333334,8.66,18.62165697037217,-0.0989247311827955,6686.0,-19.443473186143667,0.3167242566481295,3.6331929247390207,30.72666372,-27.09347079526098
2020-10,-0.1549999999999993,-13.807,-4.313480331268596,0.8090310285323803,-187.7731485532064,50.6197938726528,-2.798729315838653,8.75,8.75,8.66,8.66,19.42980537410561,-0.1034791506779228,6686.0,-17.472827862056484,0.3008179287946455,4.401688541677426,31.83067295,-27.42898440832257
2020-11,-0.3010000000000001,-13.638,4.071229880411787,0.8494161792707839,-338.83314457716824,42.8135931680097,-2.998717766764456,8.483333333333333,8.25,8.393333333333333,8.16,19.560334778482478,-0.1044018774578206,6686.0,-17.294392954246973,0.2940697807083119,5.543470688810053,33.00679564,-27.463324951189943
2020-12,-0.3269999999999999,-13.551,-0.8963434414507454,0.8483216797279152,-149.2590638204866,51.9204260651629,-3.5990727680731696,8.25,8.25,8.16,8.16,19.70578639573468,-0.1054472763618191,3482.0,-16.500071201760814,0.2960328527394636,5.259245011917063,31.88477789,-26.625532878082936
2021-01,-0.4610000000000003,-13.371,6.462638977765396,0.9096398233659874,-286.31524431054527,73.3859833746874,-4.300212813442119,8.25,8.25,8.18,8.18,19.781404529089382,-0.0903976473596725,3482.0,-15.982090763170865,0.3013222408800205,4.210117601863533,34.4287174,-30.218599798136463
2021-02,-0.2139999999999986,-13.209,-0.1830047245185555,0.9157322224851996,-281.9738773619397,98.417868776175,-4.8702781453386335,8.25,8.25,8.18,8.18,19.98314723226251,-0.0920222166119665,3482.0,-14.964701402424064,0.3095074228322146,4.401688541677426,34.70783361,-30.30614506832257
2021-03,-0.3839999999999985,-13.175,-8.300636354644068,0.8489362595135992,-189.9131511614659,104.991499981915,-5.247499043185826,8.25,8.25,8.19,8.19,19.994338847976486,-0.0920548622266156,5818.0,-0.9330014195962244,0.3199919599891984,4.401688541677426,31.10369598,-26.70200743832257
2021-04,-0.3960000000000008,-13.699,-0.8810251722829591,0.8533659410147327,-404.7991271111047,79.1774133528378,-5.45543111352239,8.25,8.25,8.2,8.2,19.089125471337045,-0.085137614678899,5818.0,8.712054718444495,0.3305338089915424,4.018178963283177,28.63544376,-24.617264796716825
2021-05,-0.2780000000000004,-13.314,-1.586595463978944,0.8526915479272268,-210.0422226067034,50.1299581246043,-5.515890885498629,8.25,8.25,8.2,8.2,18.10475268428676,-0.0774333614762996,5818.0,12.35572874527351,0.3389638574998679,4.688358589885046,30.59545529,-25.907096700114955
2021-06,-0.2520000000000006,-13.373,-0.5086787738164168,0.8585990519859745,-316.93921598144993,34.1449396520194,-5.368547219565092,8.25,8.25,8.17,8.17,18.01797270260405,-0.0823659926441885,2756.0,7.097811997313808,0.3407036797175844,4.783732941416006,31.96453732,-27.180804378584
2021-07,-0.2580000000000009,-14.076,4.734600677416134,0.9114715190516725,-254.7723331828841,36.4120574765838,-4.971922936128099,8.25,8.25,8.18,8.18,17.260198331650994,-0.0247336377473364,2756.0,7.980873228211993,0.3312726094842313,5.259245011917063,28.23398071,-22.974735698082934
2021-08,-0.402000000000001,-13.972,3.73823684653931,0.954487683309795,-265.0907236452176,46.9985851019559,-4.379232163449039,8.25,8.25,8.19,8.19,17.267467271152917,-0.0248182501880171,2756.0,-0.4603358151346937,0.3045733063653899,5.543470688810053,27.90906283,-22.365592141189943
2021-09,-0.261000000000001,-13.36,-5.624383065022691,0.9128297587554584,-222.72032043213537,43.6568638012137,-3.737678680362536,8.25,8.25,8.19,8.19,17.170479788227183,0.0222423380318115,3561.0,-0.2007856558477683,0.2754232997814557,6.391332574365285,23.76140678,-17.370074205634715
2021-10,-0.3049999999999997,-13.363,8.587595547412148,1.0048132201421958,-361.7496114822646,13.4418781947933,-3.1969524767985624,8.25,8.25,8.18,8.18,17.604167965828353,-0.0029332993240656,3561.0,-3.112889035019628,0.2523019831734808,6.109509935981083,24.26784334,-18.158333404018915
2021-11,-0.3399999999999998,-13.485,-0.2153204106061295,1.0143178626479423,-388.7460064047239,-13.6184570987983,-2.856002837307276,8.25,8.25,8.18,8.18,18.45184637657768,-0.0101707684580613,3561.0,-3.403773198299309,0.2460972083626164,5.448818528406978,25.20987675,-19.76105822159302
2021-12,-0.3990000000000009,-13.373,4.8578398680192345,1.0733601427292678,-160.109304402631,-21.6154908955932,-2.801980174390519,8.25,8.25,8.18,8.18,18.3339089698408,0.0781250000000001,-6056.0,-4.105605189303041,0.2461711233935182,5.732506661926935,24.2908294,-18.558322738073063
2022-01,-0.3879999999999999,-13.103000000000002,-3.839008199725835,1.039986864155867,-223.08611347727896,-13.0832795064258,-3.129964684973329,8.25,8.25,8.17,8.17,18.492417482204697,0.0437741892432935,-6056.0,-4.38241193599247,0.2509786404599707,7.045846364856137,24.83347279,-17.787626425143863
2022-02,-0.3949999999999996,-13.061,-3.059845349833993,1.0174829267000485,-212.6608479812276,-0.975751890386022,-3.762716728963402,8.25,8.25,8.17,8.17,18.427682049436225,0.0444297956493078,-6056.0,-13.09039807678709,0.2497252587200387,8.434114843375095,25.97296098,-17.538846136624905
2022-03,-0.1799999999999997,-13.19,0.8943464591529023,1.0339419642287275,-424.9466077211974,2.19324557998377,-4.492890374104722,8.60483870967742,9.25,8.27483870967742,8.92,22.381203101293902,0.0106143856143857,-14753.0,-21.38095877377818,0.2462511081228672,9.984533496971611,29.09819679,-19.113663293028388
2022-04,-0.209999999999999,-12.38,-1.6975605241989915,1.010022907380245,-470.7752347013493,-10.57061369036,-4.894848316459458,9.25,9.25,8.92,8.92,23.76962647199111,-0.0007334066740007873,-14753.0,-20.167112436841077,0.2505333199578616,12.31021971339834,28.39965952,-16.08943980660166
2022-05,-0.6700000000000017,-14.43,-8.12522063415916,0.9262145603481516,-339.8938946644089,-29.9841669718594,-4.616479529667482,10.024193548387096,11.25,9.194193548387096,10.42,23.64749091100096,0.00025063872973430247,-14753.0,-23.98113041178026,0.254947050650111,12.663265093336602,24.70632846,-12.0430633666634
2022-06,-0.6729999999999983,-14.037,-9.107738385525185,0.8420817714586015,-328.2434772365531,-42.3969774869518,-3.843277306850446,11.25,11.25,9.67,9.67,23.48275966800403,-0.0468266982108906,-3735.0,-30.52242919513881,0.2512148369154572,12.39859797809913,22.76208856,-10.36349058190087
2022-07,-0.1539999999999999,-15.324,2.617387901721397,0.8692098309460692,-537.3478066838829,-35.3244071839338,-3.118845745345936,11.25,11.25,8.93,8.93,23.6468657965432,0.0328485180206708,-3735.0,-30.67519520152763,0.2319527256822399,12.75133202989597,25.94178349,-13.190451460104027
2022-08,-0.0,-15.415,5.614508380620007,0.9220058289627384,-495.24803434884353,-19.9093188267614,-2.857131951047509,11.25,11.25,8.92,8.92,24.00081585028815,0.0298835850306099,-3735.0,-24.01524455868015,0.2136322003091095,13.627761829254776,25.50678271,-11.879020880745225
2022-09,0.1159999999999996,-14.888,-1.7117379315725032,0.9110097517760628,-254.79935510199704,-20.2064638688229,-2.753505567706869,11.25,11.25,8.17,8.17,24.679630873945413,-0.0221294891249367,-2158.0,-23.84394193974324,0.2016614229965716,13.976194237515864,25.31532551,-11.339131272484137
2022-10,0.4499999999999993,-13.93,15.724612463444288,1.059014846432213,-254.1666186253214,-58.2717525125801,-2.2322021024108825,11.57258064516129,13.25,8.49258064516129,10.17,27.06611218632263,-0.0405041605482134,-2158.0,-23.35757019682764,0.1964628616997856,15.01426584297194,30.22314936,-15.20888351702806
2022-11,0.1499999999999985,-14.87,16.587574377087762,1.2305853251702736,-786.1368177958542,-115.548495232847,-1.075541968615502,13.25,13.25,9.42,9.42,27.47125657374549,-0.0434782608695652,-2158.0,-24.37525540363913,0.2080791742266737,17.142911562753103,29.35971428,-12.216802717246896
2022-12,0.0199999999999995,-14.420000000000002,10.100639100522958,1.3428559996063014,-1203.574829828942,-137.097156086396,0.2283524990631712,13.92741935483871,16.25,9.59741935483871,11.92,27.13697496042783,-0.1185759286142831,-855.0,-23.722636846966022,0.223574450991952,19.30966299619132,32.09452537,-12.784862373808682
2023-01,0.509999999999998,-16.35,12.657781297158005,1.4913778592498192,-770.7237203684028,-103.992303684152,0.7058933284698172,16.25,16.25,11.92,11.92,31.20520519840056,-0.1458847391013551,-855.0,-25.90089739074057,0.2479288828644107,22.95231582782488,35.55002754,-12.597711712175125
2023-02,0.3099999999999987,-17.18,3.3788590559138285,1.513742544338884,-759.7571611444797,-63.5468174739305,-0.2719904685225098,16.25,16.25,11.68,11.68,31.501411067963318,-0.1478181754519898,-855.0,-16.54412387838603,0.2669727955176548,27.68738737351775,34.88960643,-7.2022190564822495
2023-03,0.6199999999999974,-18.94,-3.4322271157411497,1.432677958765954,-748.4017164985638,-39.8225046186785,-2.10092018102762,16.25,16.25,11.42,11.42,26.83661834414771,-0.116456423918189,1200.0,-10.460864561872418,0.2818766533916875,28.292075535007044,31.07800033,-2.785924794992954
2023-04,0.4599999999999973,-20.09,7.60853742691948,1.509574893933885,-984.7853786856688,-33.233366299765,-3.4598723326337595,18.183333333333334,18.25,13.353333333333332,13.42,25.761147172794825,-0.1089578262593186,1200.0,-12.428746901639464,0.2840030285962411,26.696903085423934,29.51664511,-2.8197420245760654
2023-05,0.1600000000000001,-20.34,-0.9733559583738562,1.457559153372712,-617.3113870272738,-52.99668458663,,18.25,18.25,13.17,13.17,25.227640965814157,,1200.0,-5.874984051129184,,28.292075535007044,30.39210797,-2.1000324349929578
2023-06,0.1699999999999981,-18.92,0.9689199160711444,1.4358618109667276,-358.45225612250425,-118.83156400027,,18.25,18.25,13.17,13.17,24.698828715277298,,-486.0,3.741436631069917,,30.527638085273207,34.62410408,-4.096465994726795
2023-07,0.4199999999999981,-19.24,-0.3926909776177046,1.39521571884642,-405.7925810020705,,,18.25,18.25,12.92,12.92,24.363906915736504,,,2.05446464783019,,31.115442863692305,37.12448739,-6.009044526307694
2023-08,0.1900000000000012,-19.91,7.262479029229513,1.4634063982770915,-296.2749938035486,,,19.08870967741936,19.25,13.75870967741936,13.92,,,,2.7936079450776585,,,,
2023-09,-0.9879999999999995,-20.828,6.890285061529671,1.526126968524257,-652.0874806810198,,,19.25,19.25,13.92,13.92,,,,2.4445960048316677,,,,
