Date,Term_Premium,Risk_Premium,Stock_Prices_mom%_change,Stock_Prices_mom24mma%_change,Stock_Market_Volatility,REER,Current_Account_Balance_change_yryr%,Current_Account_Balance_over_GDP,One-Day_Repo_Rate_AVG,One-Day_Repo_Rate_EOP,Policy_Rate_&_Fed_Funds_Rate_Differential_AVG,Policy_Rate_&_Fed_Funds_Rate_Differential_EOP,Broad_Money_mo12m%_change,Velocity_of_Money_mo12m%_change,Portfolio_Flows,Foreign_Exchange_Reserve_change_yryr%,Foreign_Exchange_Reserve_over_GDP
1995-01,,,,,,67.06040812,,,,,,,,,,,
1995-02,,,,,,66.08405629,,,,,,,,,,,
1995-03,,,,,,62.82296155,,,,,,,,,,,
1995-04,,,,,,61.33025438,,,,,,,,,,,
1995-05,,,,,,59.98111211,,,,,,,,,,,
1995-06,,,,,,60.14266323,,,,,,,,,,,
1995-07,,,,,,60.72680568,,,,,,,,,,,
1995-08,,,,,,62.20832077,,,,,,,,,,,
1995-09,,,,,,62.68681178,,,,,,,,,,,
1995-10,,,,,,61.44156403,,,,,,,,,,,
1995-11,,,,,,57.26686527,,,,,,,,,,,
1995-12,,,,,,55.54336517,,,,,,,,,,,
1996-01,,,,,,55.31542474,,,,,,,,,,,
1996-02,,,,,,51.75987425,,,,,,,,,,,
1996-03,,,,,,50.59322854,,,,,,,,,,,
1996-04,,,,,,50.96542556,,,,,,,,,,,
1996-05,,,,,,53.13626522,,,,,,,,,,,
1996-06,,,,,,53.40400522,,,,,,,,,,,
1996-07,,,,,,55.93651703,,,,,,,,,,,
1996-08,,,,,,57.02490913,,,,,,,,,,,
1996-09,,,,,,58.47335951,,,,,,,,,,,
1996-10,,,,,,58.76308876,,,,,,,,,,,
1996-11,,,,,,57.98569922,,,,,,,,,,,
1996-12,,,,,,60.1344135,,,,,,,,,,,
1997-01,,,,,,52.12690143,,,,,,,,,,,
1997-02,,,,,,45.54065354,,,,,,,,,,,
1997-03,,,,,,56.64029936,,,,,,,,,,,
1997-04,,,,,,62.12136548,,,,,,,,,,,
1997-05,,,,,,63.5144681,,,,,,,,,,,
1997-06,,,,,,65.86108858,,,,,,,,,,,
1997-07,,,,,,68.46219626,,,,,,,,,,,
1997-08,,,,,,71.08763746,,,,,,,,,,,
1997-09,,,,,,71.85403903,,,,,,,,,,,
1997-10,,,,,,73.47592782,,,,,,,,,,,
1997-11,,,,,,74.53880804,,,,,,,,,,,
1997-12,,,,,,78.16583977,,,,,,,,,,,
1998-01,,,,,,79.35193201,,,,,,,,,,,
1998-02,,,,,,84.11881649,,,,,,,,,,,
1998-03,,,,,,86.4006606,,,,,,,,,,,
1998-04,,,,,,86.14672196,,,,,,,,,,,
1998-05,,,,,,85.21365715,,,,,,,,,,,
1998-06,,,,,,87.44393168,,,,,,,,,,,
1998-07,,,,,,88.20293306,,,,,,,,,,,
1998-08,,,,,,89.35523339,,,,,,,,,,,
1998-09,,,,,,86.37080653,,,,,,,,,,,
1998-10,,,,,,83.47558648,,,,,,,,,,,
1998-11,,,,,,81.79264626,,,,,,,,,,,
1998-12,,,,,,78.00111996,,,,,,,,,,,
1999-01,,,,,,74.03781589,,,,,,,,,,,
1999-02,,,,,,71.72587831,,,,,,,,,,,
1999-03,,,,,,67.32985965,,,,,,,,,,,
1999-04,,,,,,67.53308873,,,,,,,,,,,
1999-05,,,,,,69.13605226,,,,,,,,,,,
1999-06,,,,,,72.4391554,,,,,,,,,,,
1999-07,,,,,,73.57898613,,,,,,,,,,,
1999-08,,,,,,73.1140716,,,,,,,,,,,
1999-09,,,,,,75.03274985,,,,,,,,,,,
1999-10,,,,,,74.81632844,,,,,,,,,,,
1999-11,,,,,,76.19369417,,,,,,,,,,,
1999-12,,,,,,76.96202319,,,,,,,,,,,
2000-01,,,,,,77.54607835,,,,,,,,,,,
2000-02,,,,,,79.14549944,,,,,,,,,,,
2000-03,,,,,,78.76716768,,,,,,,,,,,
2000-04,,,,,,81.10616413,,,,,,,,,,,
2000-05,,,,,,83.01859223,,,,,,,,,,,
2000-06,,,,,,80.22324918,,,,,,,,,,,
2000-07,,,,,,81.74232471,,,,,,,,,,,
2000-08,,,,,,84.33703392,,,,,,,,,,,
2000-09,,,,,,84.83689235,,,,,,,,,,,
2000-10,,,,,,84.49987443,,,,,,,,,,,
2000-11,,,,,,84.28418603,,,,,,,,,,,
2000-12,,,,,,81.37305167,,,,,,,,,,,
2001-01,,,,,,78.86680043,,,,,,,,,,,
2001-02,,,,,,80.06565483,,,,,,,,,,,
2001-03,,,,,,81.25752334,,,,,,,,,,,
2001-04,,,,,,82.7884494,,,,,,,,,,,
2001-05,,,,,,83.10672828,,,,,,,,,,,
2001-06,,,,,,85.01900052,,,,,,,,,,,
2001-07,,,,,,84.85719294,,,,,,,,,,,
2001-08,,,,,,83.20478835,,,,,,,,,,,
2001-09,,,,,,82.91742351,,,,,,,,,,,
2001-10,,,,,,83.4396305,,,,,,,,,,,
2001-11,,,,,,84.78315401,,,,,,,,,,,
2001-12,,-29.63,,,,85.14008045,,,,,,,,,,,
2002-01,,,,,,85.45835822,,,,,,,,,,,
2002-02,,,,,,87.0794726,,,,,,,,,,,
2002-03,,,,,,85.26193108,,,,,,,,,,,
2002-04,,,,,,84.81565284,,,,,,,,,,,
2002-05,,-20.92,,,,83.19151092,,,,,,,,,,,
2002-06,,-21.14,,,,82.12111977,,,,,,,,,,,
2002-07,,-20.99,,,,81.12452083,,,,,,,,,,,
2002-08,,-20.66,,,,82.73850692,,,,,,,,,,,
2002-09,,-20.27,,,,82.8391088,,-0.348374850087797,,,,,,,,,
2002-10,,-18.07,,,,83.40922967,,-2.60550133979242,,,,,,,,,
2002-11,,-11.48,,,,82.57078285,,-4.07382465799309,,,,,,,,,
2002-12,,-10.37,,,,82.00203131,,-4.29816838360621,,,,,0.4659709591748497,-0.114998834671288,,,
2003-01,,-10.2,,,,80.25515056,,-3.03231088546554,19.75,19.75,18.42,18.42,0.4747186622803089,-0.1236860144516401,,,
2003-02,,-10.29,-1.700139752952836,,-31.624819431173908,81.43245908,,-1.35471686365665,19.1125,19.0,17.7825,17.67,0.4603534573052039,-0.1248029788904467,,,
2003-03,,-10.07,-3.848909934131708,,-34.936140882500425,81.71717601,,-1.54048492371069,18.904761904761905,18.5,17.524761904761906,17.12,0.3936975162711634,-0.0998754870388541,,,
2003-04,,-10.21,4.837084513340296,,-49.77108938987407,80.88876792,,-5.26088736311406,18.5,18.5,17.19,17.19,0.3442000515050449,-0.0813353721273939,,,
2003-05,,-11.33,-0.5738236331168545,,-34.37844846178674,79.94416044,,-8.70387306079944,18.297619047619047,18.25,17.017619047619046,16.97,0.2093044846173983,0.0150018175360256,,,
2003-06,,-10.86,3.668727728237312,,-32.50678550679889,79.9409427,,-9.69824549833783,18.25,18.25,16.8,16.8,0.2262512415833593,0.0056934059539218,,,
2003-07,,-10.01,0.509261047323208,,-34.64193268707408,82.42341358,,-7.23448742898677,18.25,18.25,17.21,17.21,0.3282959675882386,-0.0591312662290865,,,
2003-08,,-9.45,2.699735406167992,,-15.808487822255254,82.35536862,,-3.94305175193752,19.05952380952381,19.25,18.04952380952381,18.24,0.2921193360784615,-0.0184445711656837,,,
2003-09,,-9.94,0.2731393384789788,,-25.49707974129609,82.21548544,815.28276481149,-2.54540030531073,19.25,19.25,18.08,18.08,0.3245124060734713,-0.0342187976370853,,,
2003-10,,-9.57,1.8081505370612136,,-14.636049702948291,81.77354201,113.04347826087,-4.34308922899452,20.206521739130437,20.25,19.17652173913044,19.22,0.2960082839261054,-0.0138273691247194,,,
2003-11,,-9.56,7.010424793310545,,-31.79127123457381,80.03011313,133.482459019225,-7.61309675678812,20.6,21.25,19.59,20.24,0.2440787983239714,0.0222496310275277,,,
2003-12,,-9.63,6.2688378283164425,,-55.44452561037206,80.12173311,179.713924975911,-9.29067494804824,21.25,21.25,20.31,20.31,0.2107233322519607,0.046620605182871,,,
2004-01,,-9.74,10.118422748954812,,-114.3944338728326,79.71624304,271.870276916771,-8.67116451182252,21.25,21.25,20.22,20.22,0.2043781916395413,0.0538916797859318,,,
2004-02,,-9.91,7.935140740245196,,-124.34571570878988,81.27575376,497.331801353249,-6.21887340155322,21.25,21.25,20.21,20.21,0.2466929448740602,0.0183616127504913,,,
2004-03,,-10.04,15.13817976152659,,-130.3679879150169,82.01013,274.923604614905,-4.45585025366602,21.25,21.25,20.2,20.2,0.2713736589089722,0.0041204532656942,,,
2004-04,,-9.37,-8.92941255635555,,-132.9407737208859,80.45719856,28.6477030449915,-5.33142222359833,21.25,21.25,20.22,20.22,0.3132569625683685,-0.0276150460224431,,,
2004-05,,-9.24,6.083567311955062,,-121.10839000720075,81.50700805,3.84622759083502,-7.38951911027248,21.25,21.25,20.23,20.23,0.3643354829233506,-0.0676068609815182,,,
2004-06,,-9.28,7.124922078238678,,-87.49234727793993,81.57617154,12.182701892391,-8.85323098200924,20.84090909090909,20.75,19.46090909090909,19.37,0.3903242626130155,-0.088990271343665,,,
2004-07,,-9.49,7.246932764640484,,-125.87574633852743,82.01540194,50.2993155777553,-8.79589417458126,20.238636363636363,20.0,18.948636363636364,18.71,0.3416012483332827,-0.0588471465891741,,,
2004-08,,-9.41,-4.274654590206669,,-73.88063196519299,82.50910742,166.616059660655,-8.37964307849777,19.28409090909091,18.75,17.73409090909091,17.2,0.3835327184531482,-0.087786321377958,,,
2004-09,,-9.0,2.0209249008853867,,-43.59498026967099,83.0446893,325.563319847983,-8.50501041283842,18.75,18.75,16.81,16.81,0.3589838136077737,-0.0683478631176819,,,
2004-10,,-8.7,20.88348676818404,,-100.12887476971176,83.8328796,177.896206901095,-9.3826037986632,18.75,18.75,16.96,16.96,0.3562017587981894,-0.0600784478740701,,,
2004-11,,-7.44,1.6158270425717731,,-216.97825682384465,86.759795,85.7497965524895,-9.92202368532534,18.113636363636363,17.75,16.093636363636364,15.73,0.3932545141315883,-0.0790353478259645,,,
2004-12,,-7.25,10.288740704429271,,-141.58737806409786,89.68512602,54.4945388457632,-9.75853145588658,17.40909090909091,17.0,15.43909090909091,15.03,0.4842117864676634,-0.132111398388572,,,
2005-01,,-7.35,29.335740518843178,2.2318497124014547,-445.9081000265717,90.98745841,51.173476065497,-9.09962801879685,16.738095238095237,16.5,14.238095238095235,14.0,0.5720345098265106,-0.1820198911733525,29.0,,
2005-02,,-3.91,10.2870970199092,2.313905478561511,-461.773077329995,94.46225078,73.0502895979824,-7.38808850541046,16.0875,15.75,13.5675,13.23,0.5439960962329747,-0.1711999006237739,13.0,,
2005-03,,-2.42,-16.780359308367533,1.800659286809456,-414.28445473806255,95.9529337,124.365009398027,-6.77626703976007,14.98913043478261,14.5,12.029130434782608,11.54,0.5805471961003558,-0.2097229820506149,-20.0,,
2005-04,,-2.54,-7.464201824698483,1.5857923449069682,-481.2973174451742,97.73790205,127.520609648999,-8.29649303042934,13.071428571428571,12.5,10.10142857142857,9.53,0.5206501955512146,-0.2058580959694546,-4.0,,0.8604419036578947
2005-05,,-2.75,-1.7001084598698335,1.4962279919900885,-197.154530076632,97.89003593,96.0894370487989,-10.4234489324219,12.5,12.5,9.41,9.41,0.531956687149867,-0.2348604559306794,7.0,,0.802120509948032
2005-06,,-3.13,2.970788624389691,1.4825382690176567,-151.0254423032891,97.28297037,71.7769098836609,-11.6529079702313,12.5,12.5,9.15,9.15,0.5566481512117405,-0.2589305521992747,632.0,,0.7782089521363712
2005-07,,-2.85,13.18180881534754,1.615442674336142,-149.97490836237685,99.09263463,52.0342734647023,-10.3132253325102,12.5,12.5,9.19,9.19,0.4785553006516859,-0.2227968510954985,29.0,,0.7748081563764727
2005-08,,-3.11,1.0585150930342535,1.5622620931638451,-261.1797343831346,101.17898716,29.9523800584455,-8.0162290878337,9.543478260869565,8.5,5.913478260869565,4.87,0.463818185534271,-0.2128489370500188,12.0,,0.7820806016693835
2005-09,,-2.79,12.472931537056324,1.6844309165872702,-202.66067106518537,100.99337331,11.2343431317193,-6.96390485098113,8.181818181818182,7.5,4.251818181818182,3.57,0.445987719592025,-0.2003073811984328,55.0,,0.7239831326112308
2005-10,,-2.27,-0.3328485298922927,1.600259238756194,-262.3287799198682,98.73220261,4.62437063235447,-7.70532071459622,7.5,7.5,3.4800000000000004,3.4800000000000004,0.4161251994059296,-0.1824032834874724,7.0,,0.6991585268832522
2005-11,,-2.49,8.907638654516822,1.6658242841139586,-158.6876366783116,97.67637996,4.84869243820645,-9.07669429477638,7.5,7.5,3.47,3.47,0.4033233460225767,-0.1752899577492818,-301.0,,0.6773865696324561
2005-12,,-2.76,-2.810127852479728,1.5441578881607618,-226.9304462800417,97.78543923,6.35581491903863,-9.56650132177936,7.5,7.5,3.41,3.41,0.2004289056958937,-0.036816388034109,636.0,,0.6877334657974679
2006-01,,-2.54,22.937901316858312,1.8198770805382265,-359.31089466211154,99.01640807,7.2744174177732,-8.73413025250614,7.5,7.5,3.03,3.03,0.2444266580171677,-0.0710242068449426,70.0,,0.7786942399335158
2006-02,,-2.42,1.181447105973309,1.7479829810567842,-473.53399241803135,101.67437367,10.069347956304,-7.35596597427766,8.2,8.5,3.68,3.98,0.2184265351783565,-0.0476380631802979,49.0,,0.8705137632140209
2006-03,,-2.21,-8.462119667842947,1.5240421368665744,-269.735865955213,103.32167565,18.675029283988,-7.22811485440006,8.5,8.5,3.5,3.5,0.2311105124398507,-0.0439039496348771,-17.0,,0.994616036925807
2006-04,,-1.87,0.68846884688469,1.4778816985927754,-182.94803392745848,104.21443536,30.9017898832685,-9.16747145806401,8.5,8.5,3.64,3.64,0.2281139858261721,-0.0181642430596177,8.0,38.605746755525416,1.0067281636398515
2006-05,,-1.92,-6.515002224906243,1.3290930488366768,-137.5666899620076,105.34269293,37.7212722684645,-11.2139490576489,8.5,8.5,3.45,3.45,0.2423453699169269,-0.0093568781134414,17.0,43.06849751355424,0.8964575873746232
2006-06,,-1.97,-0.0383910332146191,1.2863249784890305,-243.98811333112383,104.9403555,43.026417091714,-12.7026834523407,8.534090909090908,8.75,3.4840909090909085,3.7,0.1495088384239992,0.0760795186300725,3.0,39.46290936282111,0.8271796528143308
2006-07,,-2.12,9.149928502897446,1.362821824892931,-400.8456883182162,103.94230065,50.6680794436773,-12.1039896781112,8.75,8.75,3.4400000000000004,3.4400000000000004,0.2217102605226258,0.0010974676001594,-19.0,29.555449915190835,0.7819206024665293
2006-08,,-2.67,-0.2241014195253908,1.317015339251491,-212.85693199771413,105.12634861,61.5568706572352,-10.4058404954707,8.75,8.75,3.4400000000000004,3.4400000000000004,0.1573336232284662,0.0376423884716644,-5.0,16.93674839691033,0.7348253661741795
2006-09,,-2.85,3.490482926264319,1.320306990417427,-80.84831181347253,105.06351948,69.1373371662393,-9.63752266276536,8.75,8.75,3.41,3.41,0.1489307275460422,0.0302598960898156,-101.0,18.425580886297467,0.7015313224551075
2006-10,,-2.95,6.434179488082253,1.360726076166354,-271.5768186133695,104.66726358,65.2075403298894,-10.0862970718532,8.75,8.75,3.4400000000000004,3.4400000000000004,0.2726255070893147,-0.0746176821121857,41.0,34.91029880351548,0.7473635845750313
2006-11,,-3.1,-4.921236121514001,1.2553354260408525,-206.58128676111696,105.99744028,60.247215595703,-10.7781172441598,8.75,8.75,3.4400000000000004,3.4400000000000004,0.0269995798609246,0.148715776495144,197.0,43.27412731365179,0.7191658499726366
2006-12,,-2.71,0.0273360520279713,1.223161139899916,-187.6948883247649,109.2848864,62.8120741568079,-11.0029941033971,8.75,8.75,3.58,3.58,0.1412674163591387,0.0389877931610506,344.0,41.39879320163325,0.686968773219813
2007-01,,-2.56,8.755704841382434,1.299927078869335,-262.2424653531095,109.21902022,80.0028035239447,-11.415841376111,8.75,8.75,3.42,3.42,0.0560142423827243,0.1308246108336404,199.0,34.40416945034783,0.7599564332065561
2007-02,,-2.96,-0.0636205701179953,1.2745776653868106,-226.99141247722383,109.48524165,114.022991085204,-11.4327902762198,8.2625,8.0,2.852499999999999,2.59,0.0596452062090764,0.1370916105542989,223.0,35.78414748490979,0.8583745005602796
2007-03,,-2.88,-2.308713909201254,1.2263660977594233,-244.8292155645732,110.18083089,136.765661310877,-12.200618006265,7.909090909090909,7.5,2.6090909090909093,2.2,0.0290467127972093,0.1857077862751875,36.0,30.71824350517751,0.9268932725546696
2007-04,,-2.76,2.731805706022608,1.2350138065331957,-74.75156813684396,111.50494557,113.692505980662,-13.7698501354423,7.5,7.5,2.21,2.21,0.0502544677143511,0.1739975623853794,69.0,26.669351787813667,0.8963427735862529
2007-05,,-2.49,-1.3370975383101604,1.1906832851935265,-167.20875463918966,113.72656099,87.0458173663646,-15.0160460739398,7.261363636363637,7.25,1.9813636363636364,1.97,-0.0064995991180324,0.2469204072226545,-23.0,26.20319100200064,0.8099330022959031
2007-06,,-2.01,11.566390221098755,1.2990141812418086,-186.1027363500263,115.6771907,72.3288055286878,-15.2319456253112,7.2023809523809526,7.0,1.892380952380953,1.6900000000000004,0.0575314950464086,0.169670764244023,122.0,28.059597807925883,0.7370789418926021
2007-07,,-2.05,5.502601491266447,1.3345278721606435,-557.7919865539897,119.105466,67.9985159630874,-13.3690563011305,7.0,7.0,1.7199999999999998,1.7199999999999998,0.0246379922874211,0.2001861546020704,63.0,31.85357752590199,0.6778308584691856
2007-08,,-2.33,0.6408452292578489,1.309485317076161,-395.2823222861256,117.05553903,70.0387469822062,-12.4569708199656,7.0,7.0,2.04,2.04,0.0798008609688037,0.1336646487510973,-24.0,42.19694912205745,0.7356340192172438
2007-09,,-2.25,-6.113719231166487,1.1993806659930744,-276.9847094823868,113.64035596,76.85219495016,-12.0862792010819,7.0,7.0,2.42,2.42,0.0932570056171458,0.122272222563858,9.0,50.79294660928512,0.7501443630588498
2007-10,,-2.37,3.2666070253586263,1.2171449445235334,-249.05008201358072,113.63035808,83.2566240605628,-12.5999402927766,7.0,7.0,2.4000000000000004,2.4000000000000004,0.0024286438908215,0.237876256743285,44.0,35.02140519020798,0.6878782955511329
2007-11,,-2.99,-10.620665257639835,1.0675915898203767,-390.1185649671651,110.31933444,85.2273535393762,-13.8818660375739,7.5,7.5,2.84,2.84,0.3364043733896832,-0.0588879269102536,-41.0,32.75886697095096,0.6638843294804425
2007-12,,-3.01,10.47995358334756,1.1671174264779105,-503.2379563214052,108.41100953,81.748369894612,-14.7427305272026,7.5,7.5,4.44,4.44,0.3383387952243707,-0.0493228218650593,-192.0,31.4097754607678,0.6655201242005773
2008-01,0.6,-4.23,-23.722746601149264,0.876197570683907,-581.389237271976,104.09563346,70.9783155048034,-14.6512863776702,7.928571428571429,8.0,4.708571428571428,4.779999999999999,0.3780002774799786,-0.0702694529736168,533.0,34.42399632452782,0.7668179948424777
2008-02,0.68,-4.47,-0.6735579149059322,0.8728569148367823,-730.649302308799,105.6476671,53.6026695956024,-13.1432414021581,8.952380952380953,9.0,5.942380952380953,5.99,0.3617486571081998,-0.06048552934246,-1.0,33.839721700697176,0.8598314311173387
2008-03,0.85,-4.7,-7.03971628347472,0.8143882503088891,-254.6467939604236,105.26501865,39.5820635611667,-12.5647090006907,9.095238095238097,9.5,6.585238095238097,6.99,0.3453201331678436,-0.0480572090942026,17.0,37.641541665244645,0.9412830725847594
2008-04,1.2,-4.23,1.451876514629305,0.8285655794962137,-231.3985164871972,108.40755099,38.8429420981412,-13.9595457404609,9.5,9.5,7.13,7.13,0.3897228378968392,-0.0783447966226538,-6.0,34.447036797921385,0.8799208751061504
2008-05,1.5,-3.84,11.17772573955058,0.9235893368435226,-185.28471294012144,107.22077986,43.7862663501271,-16.2856643693921,9.714285714285714,9.75,7.734285714285713,7.77,0.3978048325808995,-0.0827608876310845,-44.0,32.05252433007648,0.8067301431530332
2008-06,1.45,-3.81,-16.68834022402985,0.7666368291382475,-350.4915573091811,106.98569257,46.9264045318552,-16.966434934045,9.773809523809524,10.0,7.303809523809523,7.529999999999999,0.3896948017903111,-0.0744582046629887,135.0,31.479689368327925,0.7346966122730932
2008-07,1.7,-4.01,-8.517758144756357,0.7032489529374005,-583.9064276858294,109.32778697,44.6861424060438,-14.8868287984589,10.0,10.0,7.91,7.91,0.3439108991026399,-0.0373996549926404,-30.0,27.470417439114986,0.6649748931454609
2008-08,1.25,-4.07,-8.874103386078138,0.6464239779241494,-315.1481169768202,109.87130534,32.9084990806262,-12.6888439471286,10.25,10.25,8.31,8.31,0.3053096587305842,-0.0046100550750822,-33.0,12.49101862591626,0.6342150005763404
2008-09,1.94,-4.16,-21.45098480502207,0.5135357654561798,-419.0685544078207,107.16046642,9.01295579928727,-10.6178827481162,10.25,10.25,8.22,8.22,0.3120411219441344,-0.0110624772148573,52.0,1.8872232508704068,0.6159305761048728
2008-10,3.5,-3.49,-32.68381696743103,0.3522325614355308,-613.3562632108725,104.73762887,-16.6229866924506,-9.73630037504584,10.25,10.25,10.03,10.03,0.2599487685983279,0.0196762055664921,-352.0,-5.334046593378961,0.6035101275042236
2008-11,2.79,-5.09,3.978579029078792,0.3770542935102698,-449.9088007375109,104.66507109,-35.2043604401905,-8.90542177744695,10.25,10.25,9.73,9.73,0.2085371425080911,0.0438125052079759,-38.0,-7.816517929097788,0.6059075856880328
2008-12,2.76,-7.25,-2.6603900831770324,0.3770965197114745,-81.03997632069704,103.60041488,-47.5219599072132,-7.58379809866641,10.25,10.25,10.11,10.11,0.1749371778693447,0.0404871075554033,-645.0,-1.569310192575735,0.6421299830926275
2009-01,1.47,-6.38,-22.33911275033608,0.301257803678954,-140.49448771645365,96.77131463,-59.8618978215023,-6.46976862871339,10.25,10.25,10.02,10.02,0.1944678675617569,-0.0298348649526759,-16.0,-12.485768404922748,0.7382902584270064
2009-02,1.21,-6.73,-15.70691782585152,0.2634842319121576,-276.8274683163663,96.64441131,-74.7418361164916,-4.12741544883314,10.0375,10.0,9.8175,9.78,0.1767596812754423,-0.0767243786203277,1.0,-14.69349275388122,0.9119465850899472
2009-03,2.0,-6.29,24.660109312636227,0.3420031199602881,-188.62418284579076,97.95210909,-84.7182447644053,-2.61927919603382,10.0,10.0,9.84,9.84,0.152918180570349,-0.1283740163218253,3.0,-16.24259501948253,1.075473172257037
2009-04,0.95,-6.29,28.783891664941912,0.4574616862034072,-278.0438850212362,99.59378645,-80.8152116414839,-3.77562058675722,10.0,10.0,9.8,9.8,0.1229921848241551,-0.1304824299043153,-15.0,-16.48280345816069,1.036047281532672
2009-05,1.29,-5.78,9.59716883355418,0.5199991959783355,-233.4299447103661,100.0517876,-72.8042290381582,-5.85055535199637,9.575,9.5,9.385,9.31,0.1254638225264423,-0.1241459576362166,-1.0,-2.8555044750570024,1.0352296906927272
2009-06,2.47,-4.47,2.7801635777622717,0.5535583375665234,-214.141632970581,99.59351657,-68.3815110827647,-6.88213999942157,9.5,9.5,9.28,9.28,0.117266643485691,-0.1093546819933261,21.0,-5.299502696721992,0.8925901568474102
2009-07,1.9,-4.98,14.14703458798113,0.659467377857526,-117.8680903388268,98.98842634,-69.002807788909,-6.17136515053828,9.0,9.0,8.82,8.82,0.1253683008464773,-0.1248270187703356,197.0,-0.6822720647524316,0.8832603142214511
2009-08,0.75,-5.6,8.390174221360612,0.7476944239544269,-290.38113218560954,98.6694423,-72.0650085263354,-4.60111331762657,8.547619047619047,8.5,8.397619047619047,8.35,0.1339841869566956,-0.1479199188986779,99.0,1.837175453260853,0.8383689493978328
2009-09,-0.0,-5.69,3.4872282442424583,0.8094570416962691,-160.50008549424263,99.09311876,-73.0179556255877,-3.46337910774957,8.477272727272727,8.0,8.407272727272726,7.93,0.1075126741506095,-0.1375050934230469,216.0,9.50080262447055,0.815335443311751
2009-10,1.55,-4.84,1.6295993086824203,0.8570807338019982,-122.54550330606608,98.30809914,-65.6350528492647,-3.58453932419322,8.0,8.0,7.89,7.89,0.1341810100596458,-0.1535809375324112,31.0,17.111838955326107,0.7571973195565725
2009-11,1.0,-5.29,8.335533646896652,0.9710537241329056,-158.1922085035448,98.57584291,-51.0951874953092,-4.34092708056665,8.0,8.0,7.87,7.87,0.1280953245703746,-0.1376810490914238,389.0,20.89390740793955,0.7301081617954659
2009-12,1.0,-4.65,-3.119023128813326,0.9737373702425138,-175.61134731591144,99.57595811,-33.2025176205506,-5.13239658794083,8.0,8.0,7.95,7.95,0.0903332207552947,-0.0947523044436717,33.0,7.646133059247862,0.7003171042656106
2010-01,0.71,-3.37,7.991779250709414,1.1004319616304454,-184.920517676879,102.04204714,-4.3708199370734,-5.61064122190382,7.55,7.5,7.43,7.38,0.0574243895033178,-0.0549270310136965,86.0,12.994285598599433,0.7565139401219434
2010-02,0.1,-2.79,5.192451578641882,1.1835959853762277,-144.43458983761224,101.46623486,67.1495364990135,-6.13842243327554,7.075,7.0,6.945,6.87,0.065337913653278,-0.0521033571972002,18.0,20.14412709700746,0.974866974617856
2010-03,0.53,-2.16,11.952819300171727,1.351532832079633,-227.57842908984023,101.73502897,193.844935925981,-6.91195258965453,6.956521739130435,6.5,6.866521739130435,6.41,0.0849334157329467,-0.0609975975118842,1906.0,26.581630877276964,1.2225623430979835
2010-04,0.1,-2.51,-3.981325488026687,1.3095255446187422,-227.5097362677085,100.26624317,127.13691281897,-8.14626977667446,6.5,6.5,6.3,6.3,0.0815053838081134,-0.0572159086450531,267.0,27.2018598885978,1.2518599950689415
2010-05,-0.0,-2.69,-13.841144583045995,1.1423385296157234,-365.6865428372072,98.37933469,49.2421586909886,-9.30663428086291,6.275,6.25,6.085,6.06,0.0863861612759147,-0.0630240219799594,-230.0,1.361879822524159,1.118446999143723
2010-06,0.55,-4.03,-3.8741248822200487,1.129345498702845,-312.41382593519444,96.64521925,17.9621153489219,-9.19178333018156,6.25,6.25,6.16,6.16,0.0802323853427954,-0.0542913675023399,-128.0,1.713211076857024,1.0279291504232797
2010-07,-0.0,-4.01,6.960787207042368,1.229405128407038,-171.9632125112542,99.18817975,7.78380841439171,-7.19001720832864,6.25,6.25,6.07,6.07,0.06587595547565,-0.0304426264902662,-699.0,2.814695778075293,0.981610225117051
2010-08,0.25,-4.28,-0.0220730104235828,1.2400843557383954,-179.96651349247128,99.92333552,2.13583615813876,-4.99019666640524,6.25,6.25,6.04,6.04,0.0619805991253277,-0.0173724690512879,129.0,0.9226283642881804,0.898463257069011
2010-09,-0.0,-4.42,5.190273903744373,1.3090871623902849,-74.92161867038247,99.90279595,-9.34501312799501,-3.38248069524572,6.25,6.25,6.1,6.1,0.0629391571528159,-0.0216988123273435,-25.0,7.898994894596467,0.947757686880455
2010-10,0.21,-4.32,-1.008948231435936,1.2817528384969972,-55.84604638243485,100.63406721,-27.0822015128087,-2.734810845907,6.25,6.25,6.05,6.05,0.0576233772215445,-0.0369220561493152,200.0,8.080454114709568,0.8562816258463017
2010-11,0.15,-4.19,-3.567689747671991,1.2065515396868318,-48.07652603490888,100.12445048,-39.5217440470421,-2.87632194046137,6.25,6.25,6.05,6.05,0.0625860059415952,-0.0602163009273361,-100.0,0.1674403572881511,0.8012527338707369
2010-12,-0.0,-3.62,3.4287733487764878,1.2224228765529872,-63.12238248409543,99.69306301,-48.1646165104366,-2.98779369617148,6.25,6.25,6.12,6.12,0.06817370532677,-0.0686753559107772,356.0,7.2100849807061,0.8432074925505011
2011-01,0.12,-3.58,7.669005677019179,1.2867202290361677,-223.84174504598903,100.3524887,-58.6402928400886,-2.49926775233428,6.25,6.25,6.08,6.08,0.0699376499047466,-0.0454220724199325,855.0,16.703786925308606,0.9508778173687408
2011-02,0.3,-2.91,3.380600987896339,1.2885728931557,-159.0475783085423,101.38811144,-65.1519071256488,-2.06734395102258,6.25,6.25,6.09,6.09,0.0554439686627425,0.0129353590635408,56.0,10.116830767107787,1.0374711090841076
2011-03,-0.05,-3.53,1.0949060693025583,1.2570465351730429,-99.4832354390944,104.30090854,-54.2869891730792,-2.77318038287837,6.25,6.25,6.15,6.15,0.0323912859693558,0.0889504312139794,210.0,8.284609710707812,1.1619174994403536
2011-04,-0.05,-3.58,-0.1199263237437351,1.217242867569022,-95.72595314555092,106.83544923,-21.3469588952406,-5.22856957006355,6.25,6.25,6.16,6.16,0.0297472281266655,0.097307645346064,477.0,11.410074527296254,1.1381219764529498
2011-05,-0.02,-3.97,-7.647854524084146,1.097155307418363,-119.29894025374485,106.37741228,7.05116762650983,-7.82714022560566,6.25,6.25,6.15,6.15,0.0288325216205066,0.0694980429939601,980.0,20.27155328100254,1.0568111490597856
2011-06,-0.0,-3.86,0.7321720494600132,1.0858797311369908,-126.6990469925997,104.26540073,25.8699924593726,-9.01923386194403,6.25,6.25,6.18,6.18,0.0254639914839117,0.0490481262628749,1805.0,30.332476184562807,1.0443918927376514
2011-07,-0.15,-4.54,-2.970029226496264,1.0359790733812615,-69.5121556786982,102.60248574,37.3371608974774,-8.19402357527324,6.25,6.25,6.14,6.14,0.0510060587932756,0.0195899228623965,-224.0,15.247710971765692,0.9387513964542502
2011-08,0.01,-5.16,-10.116948451756665,0.9205771702866954,-324.87456914237623,102.59179106,46.1421479351755,-6.09792484894588,6.25,6.25,6.17,6.17,0.045292742347497,0.0325023565798792,-166.0,18.493952530955006,0.8901955671854529
2011-09,0.15,-5.38,-9.932706537644163,0.8254804506716963,-232.12290585899228,101.28150072,48.0161307080887,-4.39428305380627,6.25,6.25,6.19,6.19,0.0673548946807662,0.0183341834505202,-350.0,3.165062210928804,0.8581705650794722
2011-10,-0.15,-5.05,5.835045399606663,0.8741358622600053,-175.3674803418958,100.76678194,34.712869301086,-3.46547280170639,6.25,6.25,6.16,6.16,0.0637288929651128,0.0221221080739263,-185.0,1.0957290143701393,0.8142833375368997
2011-11,-0.15,-5.11,-7.299513933470463,0.8096162988806185,-114.44960405023882,99.95243198,20.9043132174505,-3.28726040208674,6.0227272727272725,6.0,5.922727272727273,5.9,0.0586107542510802,0.0216081318722248,-779.0,0.9287249846711588,0.764432479191469
2011-12,-0.0,-5.26,2.158136116626973,0.8310262311845694,-118.7607089381968,100.01942708,21.1029095407121,-3.43000816836349,6.0,6.0,5.96,5.96,0.0646701411725749,0.0061107163959018,-199.0,1.1665042876353835,0.8086510799113475
2012-01,-0.29,-5.12,12.700169473939065,0.9392196628750182,-62.22797115763834,98.53622792,43.8807890595794,-3.58513892586642,5.775,5.75,5.665,5.64,0.085550969786229,-0.026786935129009,434.0,-3.829258781968514,0.9117128424153632
2012-02,-0.25,-5.3,7.884404889775457,1.014715086527685,-278.22938204681225,98.28702994,75.7359935042338,-3.70951842516739,5.523809523809524,5.5,5.423809523809524,5.4,0.0976863608177733,-0.0561278912763713,2007.0,1.964665486162387,1.0801144700551548
2012-03,-0.49,-4.52,1.8842734472190972,1.0342939425556428,-165.96597781910057,98.10236839,46.8838057351235,-4.41488828746941,5.488636363636363,5.25,5.398636363636364,5.16,0.0990008437511006,-0.0643665407263089,804.0,0.3591038688750991,1.2638622734918492
2012-04,-0.3,-4.65,-0.927690749895751,1.0295953733744645,-66.0321533548595,97.72501165,-4.92862888893046,-5.58552161925556,5.25,5.25,5.09,5.09,0.1089648263812666,-0.0618529390728246,220.0,-3.4329583998577,1.234948437217906
2012-05,-0.3,-5.26,-14.188447837915032,0.886406723388709,-193.6336491731354,96.26218929,-24.4150023841633,-6.74634651989211,5.25,5.25,5.09,5.09,0.1103894995769303,-0.0451341724010083,-1246.0,-10.99859472883875,1.07256637247716
2012-06,-0.34,-5.23,-0.8600003503056363,0.8814036817936294,-293.78382535612536,95.96266834,-29.9627579407665,-7.21402837062069,5.25,5.25,5.16,5.16,0.0824479713953658,-0.0103746191229207,-397.0,-15.709607168140147,1.0053579850574432
2012-07,-0.04,-5.09,3.6480601392177063,0.915158807600406,-109.84613846595038,93.74230885,-26.8406876435177,-6.99041801515622,5.25,5.25,5.12,5.12,0.0867974633680027,-0.0169844979206854,-389.0,-15.025993839119334,0.9301928835130372
2012-08,-0.25,-5.43,2.546581865831432,0.941375939693981,-93.35561734941966,94.59248654,-16.2180028529768,-5.9273398174265,5.25,5.25,5.12,5.12,0.076234850169579,-0.0151376289336024,144.0,-16.220348547480878,0.8652687647513866
2012-09,-0.08,-5.0,-1.8234442235090544,0.9261735955198416,-80.23829789845863,96.71300939,0.973531695717604,-4.7284517808943,5.25,5.25,5.16,5.16,0.0575304355487418,-0.0014005238605296,755.0,-6.948385129334711,0.850983067326487
2012-10,-0.26,-5.18,4.235456952324922,0.9702440167917908,-90.02021386419548,95.47796475,10.6124662976021,-4.0243396326805,5.25,5.25,5.07,5.07,0.0638420438616227,-0.0023197219154211,146.0,-7.445078405322336,0.7912306833140983
2012-11,-0.05,-5.28,-2.7273797825080592,0.9465567839778442,-70.6052739349254,95.84051377,4.2081600415348,-3.52571876846512,5.25,5.25,5.09,5.09,0.056363779347078,0.0114497362798257,1480.0,-4.048371813234441,0.754924136810715
2012-12,-0.43,-5.1,7.486051710426632,1.0199610054406696,-69.70010737311387,97.72842732,-11.5275087014205,-2.94975985785806,5.25,5.25,5.16,5.16,0.0284245222608058,0.0398592119372504,1330.0,-3.4668124813602152,0.7587890723524675
2013-01,-0.14,-3.78,6.4419096000434894,1.086733684863575,-329.3642841070949,101.42924503,-34.189950210277,-2.18614454893017,5.25,5.25,5.1,5.1,0.0137567910907351,0.0424187345840175,3101.0,1.1792080572423869,0.8547320983609487
2013-02,-0.06,-3.92,3.1529074360232667,1.12277237700741,-151.63383877204456,101.52787386,-66.9647925439928,-1.1751148665449,5.25,5.25,5.11,5.11,0.008789714091671,0.0306033460937184,1284.0,-4.70913266846914,0.9869765035351588
2013-03,-0.3,-3.98,-0.300489378522876,1.121349927778705,-78.53007472755377,100.81395771,-97.3706483101055,-0.117736098213353,5.25,5.25,5.16,5.16,0.0437067282579221,-0.0324977582037891,97.0,-9.679840385052383,1.1577790527569447
2013-04,-0.28,-3.58,-5.3142384763851,1.0643304016193624,-111.8260561014312,101.23181694,-112.646969115578,0.72097681308505,5.25,5.25,5.11,5.11,0.0356657433345865,-0.039712894998759,618.0,-5.338220444715514,1.193148754321009
2013-05,-0.3,-3.14,1.0855167633090013,1.0811295324856682,-119.55368620242568,102.46038147,-112.887657278649,0.840814832116051,5.25,5.25,5.16,5.16,0.0264829694132313,-0.0303667991346633,170.0,3.271801319631673,1.0711829961690011
2013-06,-0.15,-3.28,-2.47836619102249,1.054979668565114,-65.82483826016548,100.39434842,-107.233975200878,0.495526512779168,5.25,5.25,5.18,5.18,0.0523585422755545,-0.0470416394560493,-389.0,1.4795696062976704,0.9687492578311112
2013-07,-0.48,-2.7,2.6954807982865066,1.0856560255916885,-82.18711040666793,101.26978473,-97.9983305282589,-0.126409896787037,5.010869565217392,5.0,4.920869565217392,4.91,0.0218295198618059,-0.0104199459340783,564.0,12.654318124296182,0.9466870151091864
2013-08,-0.36,-2.48,7.346213635354208,1.1648400859087034,-176.84641275211564,101.53807816,-83.377754958737,-0.885220496905649,4.571428571428571,4.5,4.501428571428571,4.43,0.0445313133939081,-0.0251911696077184,-149.0,9.697845572775554,0.852807634172929
2013-09,-0.56,-2.36,4.167873446701686,1.203358251219928,-147.561180068278,100.24061063,-63.2738364211478,-1.62104524297651,4.5,4.5,4.44,4.44,0.0485970537513969,-0.0250794103042679,1750.0,8.025790812743928,0.8581218891398446
2013-10,-0.72,-2.54,0.3970329277496176,1.191182050972826,-111.27937417079224,100.89199326,-43.4372280635965,-2.06657661439771,4.25,4.25,4.18,4.18,0.0607080281454063,-0.0355306790422904,634.0,14.627443992394308,0.8234133980878238
2013-11,-0.61,-2.61,4.43070004665109,1.2290105417439334,-108.37544335924986,100.74158137,-29.7696531546811,-2.25523612026882,4.035714285714286,4.0,3.9657142857142857,3.93,0.0647023647657767,-0.0388893048925211,-484.0,9.07402177482888,0.7499704911242362
2013-12,-0.64,-2.41,2.505094639539451,1.2388710754519108,-99.5982783908282,101.09292843,-28.1696857137479,-1.96703898270196,4.0,4.0,3.93,3.93,0.0880537482390373,-0.0563245685836662,315.0,9.219650715762606,0.7693791097616377
2014-01,-0.78,-3.13,-1.767996809259314,1.196454795231828,-112.97001017807207,100.32798336,-47.0228531029354,-1.12672167324779,3.797619047619048,3.75,3.727619047619048,3.68,0.096756568047823,-0.0542361090573649,1454.0,4.111804508343253,0.865723479047398
2014-02,-0.38,-2.72,0.8872891904348402,1.1931655481554646,-99.440059959976,101.41742749,-109.204979120462,0.10305125206041,3.525,3.5,3.465,3.44,0.1065812193444509,-0.0485441258829622,-123.0,3.8446702078321016,0.9764301243569362
2014-03,-0.68,-2.51,-1.73783870296073,1.1619954533803043,-87.19034170188206,101.62300423,-815.21220791607,0.753916111123957,3.5,3.5,3.44,3.44,0.0641658221088171,0.0062270303273686,-330.0,4.359180520635597,1.0817697034716434
2014-04,-0.76,-2.48,1.5922539509847102,1.1719618146740511,-100.14419897455268,102.27023428,-102.610082464602,-0.0167693277748801,3.5,3.5,3.41,3.41,0.0673766220163707,0.0076617448748506,1920.0,5.643166128511967,1.1232492246942472
2014-05,-0.84,-2.37,4.640100366880788,1.2161571339765154,-84.14314191352125,102.7104692,-277.212528904772,-1.34252404530865,3.5,3.5,3.42,3.42,0.065317521166846,0.0043916521344124,-1407.0,-1.393806389284313,0.9516892204710689
2014-06,-0.95,-1.88,4.331851252430261,1.2485568478022386,-145.24919020245858,102.94955365,-582.943065965272,-2.14216495337109,3.5,3.5,3.41,3.41,0.0527206696402831,0.0111127411658613,496.0,1.7828260593754086,0.8826244762659538
2014-07,-0.91,-1.75,-1.3512049206272194,1.209389546079299,-133.70373159280263,102.8133197,1600.33904051534,-1.9497409526853,3.5,3.5,3.42,3.42,0.0656643418967494,-0.0022536263229405,-114.0,-6.395497300104413,0.8038286313476701
2014-08,-0.8,-1.95,3.2770773684522374,1.229099324836563,-49.03734176339587,102.23712773,47.7538042243924,-1.22645073572716,3.275,3.25,3.205,3.18,0.0563710506885954,0.0065083404131939,311.0,-4.328699814719162,0.7650551286529025
2014-09,-0.91,-1.89,1.6446231375188685,1.2287693451804025,-73.75882330328987,102.1204602,-67.5519958356009,-0.507944844823748,3.25,3.25,3.18,3.18,0.0514607964394084,0.0084470851905629,-74.0,-12.372475203397382,0.7261443398183792
2014-10,-0.99,-1.57,-3.1436427044166293,1.169222339749374,-128.27115816261684,101.60140414,-92.5431364215895,-0.156221731220983,3.0,3.0,2.93,2.93,0.0466005069153927,0.006113544494408,1354.0,-13.953249853350858,0.718267373443481
2014-11,-0.89,-1.56,-1.3981719711722935,1.1362740124855917,-90.55104086264792,100.90846147,-105.669974717935,0.131824177814024,2.775,2.75,2.695,2.67,0.0609793321308741,-0.0134851104866917,411.0,-11.22133783164998,0.6863959338936753
2014-12,-0.91,-1.51,2.111427311022499,1.143518992827175,-83.72022842781698,100.88482166,-138.373179828967,0.801223447960145,2.75,2.75,2.69,2.69,0.0833017368215694,-0.0343303358115906,2.0,-12.980990718314956,0.7106690783365995
2015-01,-0.46,-1.02,-0.7035154595510367,1.1208957280463192,-156.11133046114523,99.10343285,-297.22178893915,2.45342439143023,2.5375,2.5,2.4775,2.44,0.0779703619200888,-0.0205891647014239,-595.0,-22.12844255510158,0.7443191508486784
2015-02,-0.69,-0.85,1.5961508110851892,1.1271710688084433,-100.66360052784088,100.13733999,3656.97851096158,4.28858422507461,2.2875,2.25,2.2275,2.19,0.0649638722033154,0.0048744616993326,151.0,-21.84210268522793,0.8453489092145937
2015-03,-0.84,-1.33,-0.9670516679891954,1.1054351084121927,-127.79981115549286,98.84302798,467.18229097213,4.98198506329826,2.25,2.25,2.19,2.19,0.0652151986924245,0.0140183046976707,-728.0,-23.668929486049507,0.9620394954043168
2015-04,-1.1,-1.41,6.657829694205897,1.168090643385724,-168.1621611072883,98.67551063,-11181.9672131148,2.20177509974758,2.0,2.0,1.92,1.92,0.0690476355955653,-0.0002687849069433725,-105.0,-25.29255986267035,0.9942152591897314
2015-05,-1.01,-1.43,-0.5322320356782292,1.1455487117557197,-196.3559310392987,98.96033869,-1.81664124724623,-1.55349291908286,1.7875,1.75,1.7075,1.67,0.0704841830279777,-0.0202897506630444,-616.0,-20.60826844966417,0.8904709268808867
2015-06,-0.9,-1.65,-2.783427841471424,1.0989083874741703,-82.36390460765313,96.51110869,53.6277845789032,-3.90422803092418,1.75,1.75,1.67,1.67,0.0883435163671201,-0.0456623633148016,-255.0,-21.456242826454574,0.8224322586371324
2015-07,-0.94,-1.64,4.177805059513613,1.1303759878134954,-122.1016710758848,96.93698216,70.248148111223,-3.93096434360925,1.75,1.75,1.67,1.67,0.0806267019727277,-0.034011581147616,-20.0,-22.28845755684316,0.7397565077418111
2015-08,-1.04,-1.64,-7.963052593368087,1.0263782455941788,-166.69481151601872,98.14082193,92.2743482538121,-2.66658196319065,1.75,1.75,1.67,1.67,0.0802989380724455,-0.021130100766826,-116.0,-19.09932745572721,0.6998876724230922
2015-09,-1.06,-1.6,-0.2310729530323155,1.016568675570095,-234.4457443742696,99.25453181,179.082655777154,-1.52573582907868,1.75,1.75,1.68,1.68,0.0834173391544169,-0.0120286416767235,-61.0,-17.082355552718475,0.6480370753088885
2015-10,-1.09,-1.34,3.2038409423600864,1.0431931045466172,-67.31264946461694,98.79334497,654.48535278696,-1.23570392988611,1.75,1.75,1.68,1.68,0.0837775296870944,-0.0060809960224285,1932.0,-13.391966974505854,0.6521785088084814
2015-11,-1.29,-1.38,-2.5979487321832613,1.0091575393339216,-107.72837640479352,97.39211999,-1109.01104751764,-1.43975549967153,1.75,1.75,1.67,1.67,0.0820269630212685,-0.0042825004787342,159.0,-13.351207967474531,0.6437762759667169
2015-12,-1.37,-1.5,-0.1964916480362941,1.0030698277054948,-145.814976684086,97.18203368,-267.807876166629,-1.43457912097535,1.75,1.75,1.55,1.55,0.093934666141635,-0.0201899739395549,583.0,-10.187867257323957,0.6810216889607192
2016-01,-1.31,-1.62,-10.500376910249669,0.8950172082360152,-244.77516859382655,96.27833657,-135.123687332484,-0.875842638892024,1.75,1.75,1.46,1.46,0.0954787018045301,-0.0322395557502692,-984.0,-0.6378854075263507,0.7516805655806048
2016-02,-1.17,-1.71,1.9231628180014084,0.9128279369675264,-239.91329709225027,97.46397377,-102.342793094682,-0.0999225754051977,1.75,1.75,1.46,1.46,0.0969685702696195,-0.0504740554940494,716.0,-1.8417913584624523,0.8252363710907603
2016-03,-0.7,-1.56,5.451685604282091,0.9628571336703756,-197.9818291342048,97.1557945,-103.56899348741,-0.168586307193571,1.75,1.75,1.5,1.5,0.0993785241856764,-0.0570656536447105,378.0,8.417472961575069,0.9889317114233882
2016-04,-0.95,-1.91,-4.30026136399054,0.9191859152501812,-104.52149167867589,96.84040894,-193.512641204949,-1.88871888656415,1.75,1.75,1.45,1.45,0.1082275049237651,-0.0500059880049374,-494.0,6.350883051715828,0.969941560046327
2016-05,-0.92,-1.85,-1.3596485106211404,0.906561353103026,-112.76460698454346,96.45033172,161.220615140322,-3.77418528684691,1.75,1.75,1.46,1.46,0.1273585182940474,-0.0462568883205031,1131.0,8.035124152554985,0.8947283767362397
2016-06,-0.77,-2.03,1.7780551921915904,0.9246696023705924,-91.08631026305996,95.90843098,25.1036862745098,-4.56219022839553,1.75,1.75,1.45,1.45,0.1306398957162974,-0.0411965568449317,-1087.0,1.070619703597342,0.7764136698233118
2016-07,-0.82,-1.77,3.889449301063887,0.96373341928271,-88.93785527920093,96.47675983,0.956876156566953,-3.71457191324435,1.75,1.75,1.45,1.45,0.130784048376947,-0.0504964296951824,169.0,9.277888638995725,0.7566496785155848
2016-08,-0.74,-1.38,4.617416013525279,1.009400922320129,-122.59814849965352,97.47789795,-18.8166541419503,-2.05694439774384,1.75,1.75,1.45,1.45,0.1274218056019987,-0.0641517129011802,778.0,7.729635835082127,0.7164142318244741
2016-09,-0.75,-1.3,-1.405399873786906,0.9958695893265164,-109.26976375229049,97.4550351,-48.3369042642141,-0.762722292707144,1.75,1.75,1.46,1.46,0.1224175039568774,-0.0722452491639905,-151.0,10.838465849481382,0.695019561541052
2016-10,-0.9,-1.26,-1.813217545741285,0.9797251119235458,-50.69967092844005,96.23371164,-62.0054085902917,-0.469053282281894,1.75,1.75,1.44,1.44,0.1184133553844579,-0.0708640861254373,955.0,3.886572134901467,0.6768802973891811
2016-11,-1.03,-1.11,0.3357773973507778,0.984335370269534,-58.682629090931016,95.97460033,-46.3967707467648,-0.743161215964277,1.75,1.75,1.44,1.44,0.1191951363009995,-0.065398341916665,-384.0,3.374078933816249,0.6408405106965104
2016-12,-1.16,-1.2,3.6746059734296352,1.0211346476996228,-66.0240943110881,95.60459659,-24.8161914322146,-1.0525628111692,1.75,1.75,1.2,1.2,0.0974068452525915,-0.0346682829597513,447.0,-0.5491186567523898,0.6609502536274903
2017-01,-0.97,-1.3,6.108637200866616,1.0834987200333503,-127.99440533391888,95.31602156,26.2578498336211,-1.04171053229129,1.75,1.75,1.19,1.19,0.0911235334290503,-0.0107790243002509,-279.0,4.678549582701952,0.7412310443170793
2017-02,-1.03,-1.32,6.0135544071775735,1.145321961061275,-205.58274204131357,94.41451185,1075.95561035758,-1.11269057611634,1.75,1.75,1.1800000000000002,1.1800000000000002,0.1006114181484354,0.0070027927587331,-73.0,5.368258962976569,0.8233946239607537
2017-03,-1.06,-1.57,1.24718630253177,1.1539094860094907,-181.2526524837641,93.74865646,1133.21805006588,-1.95328813458518,1.75,1.75,0.93,0.93,0.1224333416890707,0.004890588525151,738.0,0.4374230198957551,0.9331812542363066
2017-04,-1.06,-1.63,1.9966936577216845,1.1700268803271912,-121.63526680270432,93.92174043,121.624769903359,-3.98585865796398,1.75,1.75,0.92,0.92,0.1181171173290661,0.0058187706890217,1795.0,5.933759275453476,0.9783995089884786
2017-05,-1.21,-1.51,6.548236672069371,1.2416199321959585,-118.7875724545716,94.27483431,60.2817385328981,-5.6356574631689,1.75,1.75,0.92,0.92,0.1053989959744039,0.0052122105608728,322.0,7.298584445365863,0.8943809305925271
2017-06,-1.3,-1.65,-10.423164158136068,1.1039838745633852,-189.09465248866653,94.46549707,47.248023913654,-6.128861212416,1.75,1.75,0.5900000000000001,0.5900000000000001,0.0885486141176751,0.0169148862295568,-188.0,14.347356631675744,0.8099835974727938
2017-07,-1.4,-1.62,5.36181664494052,1.1593956909141996,-260.55759568040173,95.59106934,56.3214190419842,-5.08510395409547,1.75,1.75,0.6799999999999999,0.6799999999999999,0.1025547242953356,0.0152260126212134,-82.0,12.64806688976703,0.7464335843419292
2017-08,-1.28,-1.86,-2.712724504775535,1.123529075584386,-110.9407705385548,95.83066006,98.4844754748939,-3.49515529466806,1.75,1.75,0.6799999999999999,0.6799999999999999,0.1150571962603333,0.0212549917022003,250.0,13.591267659602924,0.6966690731253373
2017-09,-1.2,-1.87,-2.16231186421312,1.092538434286242,-165.62401554111057,95.61609014,257.147553420154,-2.29789830343015,1.75,1.75,0.69,0.69,0.1221665881087637,0.0271238562170525,348.0,5.352273431342502,0.617671588135807
2017-10,-1.19,-2.04,-0.4463107013018646,1.0820580634654131,-102.12708502671136,96.58065906,402.135273768341,-1.95113283809006,1.75,1.75,0.6799999999999999,0.6799999999999999,0.1345524652641257,0.0170350993730575,845.0,5.076587809885003,0.5891986763809748
2017-11,-0.68,-2.16,-0.5935410493244748,1.0717082519209484,-105.90635822768344,96.20697907,240.420819490587,-2.08953095596381,1.75,1.75,0.6799999999999999,0.6799999999999999,0.1241452273011697,0.0202085158471872,-143.0,8.251574000146888,0.5729725782221419
2017-12,-0.54,-2.0,-0.5447518730254862,1.0611408730334098,-80.42560040945548,96.4417617,164.390877598152,-2.24295094317789,1.75,1.75,0.4199999999999999,0.4199999999999999,0.1140767389337019,0.0200040350771127,366.0,11.641681200878406,0.5947307973243959
2018-01,-0.61,-1.8,7.953839050574294,1.1406677547687745,-223.8222640512169,96.64706003,159.238268864933,-2.15686688302053,1.95,2.0,0.6099999999999999,0.6599999999999999,0.1247418305884388,0.0002972570182891,-265.0,11.935734377467512,0.6626733837363974
2018-02,-0.57,-1.72,0.9790381890601084,1.1382524625506407,-238.8751947540397,96.86112921,135.556254587396,-2.08913428841752,2.1875,2.25,0.8374999999999999,0.8999999999999999,0.127697639154794,-0.0107968363787122,2364.0,17.324285561889184,0.7700044807075214
2018-03,-0.5,-1.8,3.096868230481013,1.1600739465041594,-172.3800631441466,96.86342274,60.5160187497496,-2.50465053231847,2.25,2.25,0.5800000000000001,0.5800000000000001,0.1137935549408106,-0.0027247467476508,97.0,15.575865529224007,0.8615799970951755
2018-04,-0.43,-1.62,-0.0118198290829838,1.1473582631050951,-156.16343743280532,97.39782013,13.5410650902932,-3.62834704579514,2.25,2.25,0.56,0.56,0.1113692441114139,0.0055563808076887,-21.0,3.301939193070025,0.8103239258674808
2018-05,-0.43,-2.11,-7.265348657315263,1.0509373695794575,-168.33022780088297,97.5790926,4.07824222936762,-4.94367039717094,2.452380952380953,2.5,0.752380952380953,0.8,0.1090077601795411,0.0179097717136411,-233.0,-3.2210436009294408,0.7295388695773151
2018-06,-0.42,-2.46,0.0855187435799043,1.0421233973563042,-266.92039466488944,97.28853461,10.7592586915722,-5.86237022368724,2.5,2.5,0.5900000000000001,0.5900000000000001,0.1275357386061018,0.0067803751432148,-244.0,-7.992602369953639,0.6435945917221156
2018-07,-0.23,-2.04,-1.3511792368254822,1.019212042799656,-142.4653895638316,97.59988945,35.1112265533683,-6.07548242718958,2.5,2.5,0.5900000000000001,0.5900000000000001,0.1110385961530547,0.0204081645178625,58.0,-10.649872226173496,0.5897607233693116
2018-08,-0.44,-1.97,3.720351879103619,1.0501284971857532,-114.53356590495018,98.74441368,86.8366086356849,-5.99391418420368,2.5,2.5,0.5900000000000001,0.5900000000000001,0.1076174010109354,0.019113214669887,76.0,-13.776235884858869,0.5513604091751361
2018-09,-0.42,-1.77,1.6699417731982495,1.0607164708096255,-104.55288620516346,99.38209675,164.417208320943,-5.56625823263584,2.5,2.5,0.3199999999999998,0.3199999999999998,0.102557167359057,0.0208261042495728,-30.0,-7.4478407184791156,0.5237053502481175
2018-10,-0.3,-1.8,1.2658212801567126,1.0658788607676102,-115.06895911832464,98.27759322,188.162208390745,-5.19647596342302,2.5,2.5,0.2999999999999998,0.2999999999999998,0.0942016177582501,0.0293877817193128,1838.0,-7.386643289526084,0.5043365560423634
2018-11,-0.61,-2.02,1.7155346563824754,1.0745953448020626,-76.99095746870364,97.76217378,145.898937323791,-4.72504208964678,2.5,2.5,0.2999999999999998,0.2999999999999998,0.1088495030771502,0.017920664673395,-55.0,-6.482643993412074,0.4927495965194779
2018-12,-0.43,-2.15,-14.790845388997113,0.9070698372080596,-226.5014362067392,98.36234853,99.970655675056,-4.14247106883413,2.5,2.5,0.1,0.1,0.0888797985953741,0.0374898745403955,357.0,-6.050476647467451,0.5160460378013262
2019-01,-0.4,-2.19,-5.862117534887754,0.852593074867689,-617.4298919240562,97.62185448,66.3428169573925,-3.44291735640878,2.5,2.5,0.1,0.1,0.097539003134975,0.0267226125107137,-518.0,-12.46777313442008,0.5566301275300015
2019-02,-0.61,-1.86,10.421330371580986,0.9441807610749834,-317.7552926539662,96.875659,34.0787892276875,-2.76866811297851,2.5,2.5,0.1,0.1,0.0931304852064456,0.0261679510125427,131.0,-14.024357236041674,0.6543545793221649
2019-03,-0.79,-2.42,4.8229299263472925,0.9912153657613688,-231.8165107591529,96.78795833,12.1077240507172,-2.79402946204114,2.5,2.5,0.0699999999999998,0.0699999999999998,0.0914106864964679,0.0231068082292949,-323.0,-16.33734307024709,0.7172582747796484
2019-04,-0.7,-2.27,4.929164315420783,1.040201942319401,-162.7473014284985,96.91393125,9.71213359470102,-3.97819619158654,2.5,2.5,0.0499999999999998,0.0499999999999998,0.0997275632507947,0.0155314629066073,2546.0,-6.932830156189784,0.7536641993818772
2019-05,-0.58,-2.52,0.6062580328004604,1.0453731744380033,-138.5736806458125,97.3445232,14.125866924384,-5.48165707040105,2.5,2.5,0.1,0.1,0.0924696894681952,0.0238489677552946,3.0,-5.401902918723389,0.6705159321126591
2019-06,-0.51,-2.67,3.781173725116669,1.086439936147622,-191.20920001227012,98.00146189,16.6263296604618,-6.4158090222473,2.5,2.5,0.1,0.1,0.0781869828824371,0.0354466215949869,618.0,-0.0778546932445722,0.6034700396027444
2019-07,-0.33,-2.1,4.423281791912424,1.128936483179148,-196.38419119666705,97.36660276,15.8734256477296,-6.71868259576865,2.5,2.5,0.1,0.1,0.0862042829307763,0.0203942226312505,2365.0,7.8625669906117635,0.6071082115164586
2019-08,-0.52,-2.64,0.3429974522362163,1.127463826843114,-106.68016292266422,97.8265098,13.1438768302592,-6.52312297398216,2.5,2.5,0.3700000000000001,0.3700000000000001,0.0850977612757407,0.012931444068596,205.0,9.108846944579208,0.578641441253099
2019-09,-0.22,-2.32,3.666741737514796,1.1618099176152794,-102.03384383852092,97.52569339,9.50415989417509,-6.01794405110323,2.5,2.5,0.6000000000000001,0.6000000000000001,0.0932686660884095,0.0009314662785303436,-381.0,6.113958157569099,0.5486731435078195
2019-10,-0.37,-2.43,-0.5794637140616185,1.1452543678065783,-129.49366238235018,97.05264861,6.05143763207721,-5.3224930006758,2.5,2.5,0.92,0.92,0.0982231805495004,-0.0014674484917554,-53.0,6.399531862500352,0.5182624951977051
2019-11,-0.48,-2.79,3.866417197803535,1.1796228170997007,-82.72453646271067,96.82472699,3.03452574143324,-4.6381584258365,2.5,2.5,0.94,0.94,0.0945543629317356,0.0080892938313476,-608.0,1.2189632800661654,0.4751659184093364
2019-12,-0.5,-2.5,0.9140349936734556,1.1781596527385256,-110.46223861020162,96.8822862,0.79616693228315,-3.94479830659033,2.5,2.5,0.95,0.95,0.1090510873962897,0.0033958978960267,299.0,-2.4848911691955022,0.4754246108502054
2020-01,-0.41,-2.6,0.5069507782666647,1.1713177891637792,-89.09222757749556,96.52938134,-1.11436357202924,-3.17306729592847,2.5,2.5,0.91,0.91,0.0965147785869949,0.0236371585461715,3266.0,7.950911590763421,0.560031550722584
2020-02,-0.53,-2.89,-9.040893987562663,1.056894712930915,-107.54368274776762,96.53502599,-5.47927013890733,-2.45851158083441,2.5,2.5,0.92,0.92,0.1001824911987152,0.0138152033405238,2076.0,6.934251274712078,0.6573615106587544
2020-03,-1.06,-4.19,-16.400018857023202,0.880719724867244,-780.0283274977293,97.70654482,-14.2145767315527,-2.29792174204315,2.340909090909091,2.0,2.2609090909090908,1.92,0.1327224708566021,-0.0440768606454576,-617.0,4.749603584811912,0.7203087823352546
2020-04,-0.82,-4.1,4.632687157885905,0.9263746698997908,-807.3353891365638,98.2710872,-19.0784024670393,-3.33870132672468,2.0,2.0,1.95,1.95,0.1255766877152687,-0.0988073547714673,-718.0,-4.0580594001230486,0.7499171902487638
2020-05,-0.37,-3.32,9.057308012393095,1.0138819576498068,-275.42450856758234,98.04241985,-17.9324418592544,-4.9448762782407,2.0,2.0,1.95,1.95,0.1446451799436277,-0.1716184505052695,3224.0,8.488079907450373,0.799582315203842
2020-06,-0.26,-3.09,-0.479698987161692,1.0059844275353949,-293.4009569131632,98.55417245,-13.8942944083198,-6.19203658612665,1.75,1.75,1.67,1.67,0.1364175320397237,-0.1923855275546299,680.0,6.431339631036215,0.7199053450731774
2020-07,-0.19,-3.21,-3.2525939569608107,0.9705740437351024,-110.51059032804072,99.14347841,-7.56501294096455,-6.72786525293367,1.75,1.75,1.65,1.65,0.1397595386643956,-0.1881788586184153,3406.0,8.745039762550345,0.7152079590638352
2020-08,-0.3,-2.91,7.393150303954829,1.040320611970532,-111.1470141796736,100.16078382,0.326226753410117,-6.59297101815853,1.5357142857142858,1.5,1.4457142857142855,1.41,0.1425533595697398,-0.1639220375242179,317.0,9.362554849621429,0.6375133784819174
2020-09,-0.16,-2.66,0.1102555438977121,1.0378538323013742,-216.669883840368,99.69229322,7.58766567222574,-6.27407220967716,1.5,1.5,1.41,1.41,0.1512824868106833,-0.1411684761665363,-298.0,-1.278378342792219,0.5248858508542252
2020-10,-0.17,-2.39,-5.515920596855847,0.9778158342116968,-165.9685149250594,99.41481717,11.912634290186,-5.65564706979258,1.5,1.5,1.41,1.41,0.1604900289307568,-0.126219419587738,1234.0,1.0360241149692584,0.4971805291051241
2020-11,-0.5,-2.45,9.115232357700071,1.0669911750116448,-177.2231504820952,99.36757412,16.2371531126417,-5.01736144681146,1.5,1.5,1.41,1.41,0.1587077682703679,-0.1135358577391259,312.0,7.175963006978892,0.473944537859876
2020-12,-0.35,-2.05,5.594269290370239,1.1233430844162726,-291.5731934116152,99.97092158,26.1942971675436,-4.49382525526659,1.5,1.5,1.41,1.41,0.1531306925907171,-0.1063625686938538,2749.0,24.41902666583222,0.533973995655555
2021-01,-0.58,-1.64,5.107999510483794,1.1672293723096727,-293.15011251317617,99.85641424,55.1132033384761,-4.4545529765972,1.375,1.25,1.305,1.18,0.1686969648248392,-0.1225856276478512,395.0,15.911165110163438,0.5875080808628449
2021-02,-0.61,-1.9,-1.0150905208087635,1.1373710394508385,-241.6324692272746,99.56366622,119.722237832977,-4.83109419428141,1.25,1.25,1.18,1.18,0.17339961470705,-0.1232298112631867,-448.0,7.907954626805513,0.6343909310980711
2021-03,-0.56,-1.28,9.682067468155283,1.233020171316775,-229.12911579435803,99.35828393,185.114408062632,-5.88535716109705,1.25,1.25,1.19,1.19,0.1504028832042869,-0.0878065919253069,-1204.0,11.851584552834703,0.7237345000030357
2021-04,-0.43,-1.28,1.362336455279907,1.2320320133116631,-284.94627661100634,98.7628588,157.306914886769,-7.18294075829554,1.25,1.25,1.2,1.2,0.146798422976625,-0.0344453899545637,3952.0,28.014270498353987,0.8026846389312385
2021-05,-0.64,-1.59,0.7853966305885002,1.225620901204138,-215.05160826182475,99.04362039,108.118680407837,-7.99418854921978,1.25,1.25,1.2,1.2,0.1351520566024285,0.0344513601332776,-260.0,16.075681420184672,0.7209619017370026
2021-06,-0.71,-1.81,3.865850415357374,1.256509612328043,-184.0247906009165,98.96856714,76.0455551846737,-8.58274233902067,1.25,1.25,1.17,1.17,0.1706173799098923,0.0319826623142953,-392.0,11.190035928703267,0.6302440659896621
2021-07,-0.8,-2.35,-0.2056762258665233,1.2372377593397283,-214.24441770248268,99.45118354,57.5464489561485,-8.7504078424235,1.25,1.25,1.18,1.18,0.1772182860722134,0.016773474395774,4216.0,8.186610881665924,0.6387754941093383
2021-08,-0.6,-2.44,2.774165070839524,1.257097046386641,-135.9830987486298,99.43470944,44.9571201991232,-8.41764508508606,1.25,1.25,1.19,1.19,0.1777597331441439,-0.0147956057946346,415.0,9.393604241398968,0.6142584307847588
2021-09,-0.51,-2.52,3.8414888017140143,1.2890777814750944,-172.28256093964302,99.42195047,37.3478585991286,-7.82414322441378,1.25,1.25,1.19,1.19,0.1624928779079461,-0.0341795675648488,-262.0,19.164052815214493,0.567904771307392
2021-10,-0.34,-3.29,-0.3164071458509637,1.268454227314079,-178.7616039596964,100.25988125,35.0692651618117,-7.18422906103366,1.4642857142857142,1.5,1.394285714285714,1.43,0.1569011903289147,-0.0520401719002646,-430.0,11.11305691945721,0.519541856171944
2021-11,-0.51,-4.11,-3.2485289672663944,1.2115701396261849,-115.43579402872116,99.94766388,38.3515676970698,-6.72171394892376,1.6666666666666667,1.75,1.596666666666667,1.68,0.1472082925790939,-0.0539200796584412,-75.0,5.2742872972249,0.4831370975770641
2021-12,-0.35,-3.57,7.098537916512574,1.285291059031597,-241.85414850538027,100.65442661,48.297158801277,-6.71391465821405,1.75,1.75,1.68,1.68,0.1581472864708398,-0.0615232289203467,103.0,-5.21714875629552,0.5098902198218314
2022-01,-0.43,-3.54,0.9857349793129638,1.2817528014203508,-402.90975375187566,100.42672527,66.3636772173705,-7.33537425075544,1.925,2.0,1.845,1.92,0.1557768256031754,-0.0450341352358833,2089.0,1.0919940044649137,0.587882110204389
2022-02,-0.45,-4.01,-3.590276624763929,1.2201124340263645,-255.64636807616148,100.33343636,82.7715415676884,-8.43439655595954,2.325,2.5,2.245,2.42,0.1481194305317436,-0.0135060419701476,855.0,5.11786712899327,0.6369912142684416
2022-03,-0.21,-3.67,-0.0349938780372974,1.202403281811466,-707.9932236191501,100.77134039,81.1622741809223,-9.92740389187765,2.5,2.5,2.17,2.17,0.1363889085006807,0.0324818587286669,-908.0,0.5526111279357426,0.67759116104092
2022-04,-0.4,-4.25,0.0878693146508124,1.179807782807276,-347.6397443718099,102.65844801,59.1700107076024,-10.5377877847206,2.921052631578948,3.0,2.591052631578948,2.67,0.1314317377963728,0.0613371211036161,395.0,-12.67097593198223,0.6460847302438425
2022-05,-0.01,-4.97,-1.6777186296247033,1.139131773949212,-307.766311323363,102.4396541,39.5964903725017,-10.6512926067829,3.511363636363636,3.75,2.681363636363636,2.92,0.1258472657022866,0.0753701199654393,1615.0,-9.398397378111722,0.6234499925248592
2022-06,0.11,-5.72,-1.7227335114874232,1.1035612112960338,-231.01976359715823,102.95611825,31.3916938464884,-10.6529042900287,3.75,3.75,2.17,2.17,0.0959712333711426,0.1052215770947911,244.0,-4.412641367710757,0.5690930280597458
2022-07,0.25,-5.28,1.3486781636308285,1.1034442958220714,-149.82273949279937,102.85493661,35.4702259662646,-11.3912506416728,4.559523809523809,4.75,2.239523809523809,2.43,0.0966585931143422,0.1036591356713822,-174.0,-10.792287767573628,0.5475829356067745
2022-08,-0.01,-4.7,-3.2262258558740022,1.0519984610109692,-218.45713906665856,104.12230601,43.4360142918467,-11.5651531459883,5.329545454545454,5.5,2.999545454545454,3.17,0.0819085753181559,0.1150074034466713,833.0,-12.565109305645684,0.5144444261102095
2022-09,0.16,-4.6,-11.765305919350345,0.9180132998512172,-381.035202343739,104.21219535,45.454319794535,-11.2060685136507,5.5,5.5,2.42,2.42,0.0855936852432014,0.102551160077137,1381.0,-10.493133131974686,0.5005203395625039
2022-10,,-4.81,1.5344835850860172,0.9266623321121116,-518.7480493893714,104.32623668,33.9657702382095,-9.55470346860682,6.142857142857143,6.25,3.062857142857143,3.17,0.0698551556655723,0.1046931338716936,-798.0,0.1753173565297361,0.5166833485696652
2022-11,,-4.28,8.590376268089276,0.9980886288429895,-286.8545660136729,106.02446464,12.2347050661973,-7.18350096065805,6.607142857142857,6.75,2.7771428571428567,2.92,0.0675767851083474,0.0950427063250757,145.0,7.350998766205552,0.4938617980863605
2022-12,,-4.21,-0.572261066299758,0.9838505995053975,-411.5502531459816,107.0730322,-9.64562513116284,-5.53409026061413,6.75,6.75,2.42,2.42,0.0684221114412417,0.089217822606114,765.0,10.123401936743882,0.5122447749356346
2023-01,,-3.58,4.080154121436644,1.0173498634511997,-229.67720831867388,106.07306794,-24.3102339828956,-4.96174595546218,6.925,7.0,2.595,2.67,0.0652360167696053,0.0985347340179355,7059.0,14.165170013043182,0.5997896363113395
2023-02,,-3.81,1.408798772923257,1.025121020954065,-107.4284534577026,106.88236757,-30.6211089945091,-5.2096022319042,7.0,7.0,2.43,2.43,0.0729282498225467,0.0997276288231821,2310.0,19.272674090493425,0.6763906472879447
2023-03,,-3.8,-1.61602672203431,1.0012296473455182,-112.45192901632704,106.92346975,-31.4845303154901,-5.9072476944195,7.0,7.0,2.17,2.17,0.0822186442052936,0.0900229815055847,233.0,32.97344505428228,0.7825164996658559
2023-04,,-3.82,1.288775131073774,1.0109230876939643,-181.58618122952495,107.41944059,-29.8169838485574,-6.30942230840946,7.0,7.0,2.17,2.17,0.0859535395713199,0.0651930150150434,263.0,41.46621988690109,0.7797409560852486
2023-05,,-3.34,-0.3104114174014613,1.004592518935952,-158.4685281650385,107.27441522,-27.5239119707598,-6.61628610165329,7.0,7.0,1.92,1.92,0.097237839311948,0.0338261725259242,2072.0,31.6126943092208,0.703261141562026
2023-06,,-3.12,2.075553313256213,1.0226488263011757,-106.43874063725067,108.26479941,-26.0147112948111,-6.77049795427228,7.0,7.0,1.92,1.92,0.0969769188996445,0.0362525347968722,726.0,35.4775720538548,0.6623047704370144
2023-07,,,5.958020850189134,1.0813258178927672,-345.3075290858702,109.68525583,,,7.0,7.0,1.67,1.67,0.0799694749268402,,1189.0,39.3731985994731,
2023-08,,,0.2200784752515575,1.0786407966132985,-289.78120743513927,109.77372798,,,7.0,7.0,1.67,1.67,0.0850433368789853,,,38.590438794133306,
